periodicidade,quantidade cobranças,cobrada a cada X dias,data início,status,data status,data cancelamento,valor,próximo ciclo,ID assinante
Anual,1,365,1/31/22 6:49,Ativa,1/31/22 6:49,,0,01/02/2024,user_3598
Anual,1,365,1/31/22 11:08,Ativa,1/31/22 11:08,,0,01/02/2024,user_3599
Anual,1,365,1/31/22 11:54,Ativa,1/31/22 11:54,,0,01/02/2024,user_3600
Anual,1,365,1/31/22 13:28,Ativa,1/31/22 13:28,,0,01/02/2024,user_3605
Anual,1,365,1/31/22 15:05,Ativa,1/31/22 15:05,,0,01/02/2024,user_3608
Anual,1,365,3/1/22 7:31,Ativa,3/1/22 7:31,,0,01/03/2024,user_38
Anual,1,365,3/1/22 10:16,Ativa,3/1/22 10:16,,0,01/03/2024,user_40
Anual,1,365,3/1/22 14:27,Ativa,3/1/22 14:27,,0,01/03/2024,user_42
Anual,1,365,3/1/22 17:08,Ativa,3/1/22 17:10,,0,01/03/2024,user_44
Anual,1,365,3/1/22 17:41,Ativa,8/30/22 15:48,,0,01/03/2024,user_45
Anual,1,365,3/1/22 20:47,Ativa,3/1/22 20:47,,0,01/03/2024,user_46
Anual,1,365,3/1/22 21:03,Ativa,3/1/22 21:03,,0,01/03/2024,user_47
Anual,1,365,4/1/22 15:54,Ativa,4/1/22 15:54,,0,01/04/2024,user_49
Anual,1,365,4/1/22 17:41,Ativa,4/1/22 17:42,,0,01/04/2024,user_54
Anual,1,360,6/1/22 20:10,Ativa,6/9/22 3:05,,0,01/06/2024,user_62
Anual,1,365,2/1/22 14:21,Ativa,2/1/22 14:21,,0,02/02/2024,user_19
Anual,1,365,2/1/22 16:52,Ativa,2/1/22 16:52,,0,02/02/2024,user_22
Anual,1,365,2/1/22 19:21,Ativa,3/1/22 9:09,,0,02/02/2024,user_28
Anual,1,365,3/2/22 9:35,Ativa,3/2/22 9:35,,0,02/03/2024,user_135
Anual,1,365,3/2/22 9:38,Ativa,8/31/22 17:08,,0,02/03/2024,user_136
Anual,1,365,3/2/22 21:27,Ativa,3/2/22 21:29,,0,02/03/2024,user_139
Anual,1,365,3/2/22 23:39,Ativa,3/2/22 23:40,,0,02/03/2024,user_151
Anual,1,365,5/2/22 15:28,Ativa,5/2/22 15:30,,0,02/05/2024,user_159
Anual,1,365,5/2/22 17:19,Ativa,7/11/22 22:34,,0,02/05/2024,user_160
Anual,1,365,5/2/22 17:53,Ativa,5/2/22 17:54,,0,02/05/2024,user_166
Anual,1,365,5/2/22 23:06,Ativa,5/2/22 23:06,,0,02/05/2024,user_170
Anual,1,365,6/2/22 12:20,Ativa,6/2/22 12:20,,0,02/06/2024,user_171
Anual,1,365,6/2/22 14:25,Ativa,6/2/22 14:25,,0,02/06/2024,user_173
Anual,1,365,6/2/22 15:19,Ativa,6/2/22 15:20,,0,02/06/2024,user_177
Anual,1,365,7/2/22 12:49,Ativa,7/2/22 12:49,,0,02/07/2024,user_184
Anual,1,365,8/2/22 21:34,Ativa,8/2/22 21:34,,0,02/08/2024,user_190
Anual,7,365,1/22/22 2:20,Ativa,8/2/22 14:00,,0,02/08/2024,user_2444
Anual,1,365,9/2/22 18:08,Ativa,9/2/22 18:09,,0,02/09/2024,user_195
Anual,1,365,10/2/22 9:08,Ativa,10/2/22 9:08,,0,02/10/2024,user_197
Anual,1,365,9/25/22 14:08,Ativa,10/2/22 10:42,,0,02/10/2024,user_3283
Anual,1,365,1/2/22 9:54,Ativa,1/2/22 9:58,,0,03/01/2024,user_70
Anual,1,365,1/2/22 14:33,Ativa,1/2/22 14:33,,0,03/01/2024,user_72
Anual,1,365,1/2/22 16:08,Ativa,1/2/22 16:08,,0,03/01/2024,user_78
Anual,1,365,1/2/22 16:30,Ativa,1/2/22 16:31,,0,03/01/2024,user_80
Anual,1,365,1/2/22 17:08,Ativa,1/31/22 10:24,,0,03/01/2024,user_87
Anual,1,365,2/2/22 7:17,Ativa,2/2/22 7:18,,0,03/02/2024,user_88
Anual,1,365,2/2/22 8:00,Ativa,2/2/22 8:00,,0,03/02/2024,user_90
Anual,1,365,2/2/22 10:21,Ativa,2/2/22 10:22,,0,03/02/2024,user_93
Anual,1,365,2/2/22 11:18,Ativa,2/2/22 11:18,,0,03/02/2024,user_101
Anual,1,365,2/2/22 12:26,Ativa,2/2/22 12:28,,0,03/02/2024,user_102
Anual,1,365,2/2/22 14:21,Ativa,2/2/22 14:22,,0,03/02/2024,user_110
Anual,1,365,2/2/22 14:46,Ativa,2/2/22 14:46,,0,03/02/2024,user_115
Anual,1,365,2/2/22 20:58,Ativa,2/2/22 20:58,,0,03/02/2024,user_125
Anual,1,365,2/2/22 23:13,Ativa,2/2/22 23:14,,0,03/02/2024,user_127
Anual,1,365,3/3/22 10:23,Ativa,3/3/22 10:23,,0,03/03/2024,user_247
Anual,1,365,3/3/22 16:02,Ativa,3/3/22 16:03,,0,03/03/2024,user_248
Anual,1,365,4/3/22 10:27,Ativa,4/3/22 10:27,,0,03/04/2024,user_249
Anual,1,365,4/3/22 18:57,Ativa,4/3/22 18:57,,0,03/04/2024,user_260
Anual,1,365,5/3/22 9:35,Ativa,5/3/22 9:35,,0,03/05/2024,user_265
Anual,1,365,5/3/22 14:48,Ativa,5/3/22 14:48,,0,03/05/2024,user_270
Anual,1,365,5/3/22 18:38,Ativa,5/3/22 18:38,,0,03/05/2024,user_271
Anual,3,365,2/4/22 16:48,Ativa,5/3/22 10:36,,0,03/05/2024,user_303
Anual,1,365,6/3/22 11:28,Ativa,6/3/22 11:29,,0,03/06/2024,user_273
Anual,1,360,6/3/22 12:15,Ativa,6/11/22 0:24,,0,03/06/2024,user_275
Anual,1,365,11/3/22 11:03,Ativa,11/3/22 11:03,,0,03/11/2024,user_2401
Anual,1,365,1/3/22 0:26,Ativa,1/3/22 0:27,,0,04/01/2024,user_219
Anual,1,365,2/3/22 11:06,Ativa,2/3/22 11:06,,0,04/02/2024,user_235
Anual,1,365,2/3/22 15:49,Ativa,2/3/22 15:50,,0,04/02/2024,user_241
Anual,1,365,2/3/22 16:26,Ativa,2/3/22 16:26,,0,04/02/2024,user_243
Anual,1,365,3/4/22 0:15,Ativa,3/4/22 0:15,,0,04/03/2024,user_304
Anual,1,365,4/4/22 8:41,Ativa,4/4/22 8:41,,0,04/04/2024,user_308
Anual,1,365,4/4/22 10:17,Ativa,4/4/22 10:17,,0,04/04/2024,user_2761
Anual,1,365,4/4/22 16:26,Ativa,4/4/22 16:26,,0,04/04/2024,user_313
Anual,1,365,4/4/22 16:52,Ativa,4/4/22 16:52,,0,04/04/2024,user_320
Anual,1,365,3/21/22 17:05,Ativa,4/4/22 11:07,,0,04/04/2024,user_2366
Anual,1,360,6/4/22 15:36,Ativa,6/12/22 0:43,,0,04/06/2024,user_326
Anual,1,365,6/4/22 16:35,Ativa,6/4/22 16:38,,0,04/06/2024,user_329
Anual,1,365,8/4/22 10:17,Ativa,8/4/22 10:17,,0,04/08/2024,user_332
Anual,1,365,8/4/22 17:09,Ativa,8/4/22 17:09,,0,04/08/2024,user_333
Anual,1,365,1/4/22 20:38,Ativa,1/4/22 20:38,,0,05/01/2024,user_296
Anual,1,360,1/5/22 1:55,Ativa,1/12/22 22:25,,0,05/01/2024,user_358
Anual,1,365,2/4/22 11:42,Ativa,2/4/22 11:42,,0,05/02/2024,user_297
Anual,1,365,2/4/22 12:53,Ativa,2/4/22 12:53,,0,05/02/2024,user_1318
Anual,1,365,3/5/22 3:53,Ativa,3/5/22 3:53,,0,05/03/2024,user_389
Anual,1,365,4/5/22 10:05,Ativa,4/5/22 10:06,,0,05/04/2024,user_399
Anual,1,365,4/5/22 14:23,Ativa,4/5/22 14:23,,0,05/04/2024,user_404
Anual,1,365,4/5/22 19:24,Ativa,4/5/22 19:24,,0,05/04/2024,user_410
Anual,1,365,4/5/22 20:38,Ativa,4/5/22 20:38,,0,05/04/2024,user_422
Anual,1,365,5/5/22 12:57,Ativa,5/5/22 12:57,,0,05/05/2024,user_423
Anual,1,365,6/5/22 13:44,Ativa,6/5/22 13:45,,0,05/06/2024,user_435
Anual,1,365,6/5/22 17:53,Ativa,6/5/22 17:53,,0,05/06/2024,user_446
Anual,1,365,6/5/22 22:21,Ativa,6/5/22 22:24,,0,05/06/2024,user_450
Anual,1,365,9/5/22 16:53,Ativa,9/5/22 16:53,,0,05/09/2024,user_461
Anual,1,365,1/5/22 9:46,Ativa,1/5/22 9:46,,0,06/01/2024,user_361
Anual,1,365,1/5/22 11:01,Ativa,1/5/22 11:01,,0,06/01/2024,user_370
Anual,1,365,1/5/22 11:07,Ativa,1/5/22 11:07,,0,06/01/2024,user_295
Anual,1,365,1/5/22 12:50,Ativa,1/5/22 12:55,,0,06/01/2024,user_384
Anual,1,365,2/3/22 20:10,Ativa,2/5/22 20:09,,0,06/02/2024,user_244
Anual,1,365,2/5/22 23:26,Ativa,2/5/22 23:26,,0,06/02/2024,user_386
Anual,1,365,3/6/22 10:07,Ativa,3/6/22 10:10,,0,06/03/2024,user_512
Anual,1,365,3/6/22 19:49,Ativa,3/6/22 19:50,,0,06/03/2024,user_517
Anual,1,365,5/6/22 18:24,Ativa,8/26/22 14:28,,0,06/05/2024,user_522
Anual,1,365,6/6/22 8:53,Ativa,8/16/22 10:36,,0,06/06/2024,user_525
Anual,1,365,6/6/22 11:08,Ativa,6/6/22 11:08,,0,06/06/2024,user_2410
Anual,1,360,6/6/22 13:42,Ativa,6/14/22 2:03,,0,06/06/2024,user_527
Anual,1,365,7/6/22 13:28,Ativa,7/6/22 13:48,,0,06/07/2024,user_622
Anual,1,365,7/6/22 14:56,Ativa,7/6/22 14:56,,0,06/07/2024,user_546
Anual,1,365,7/6/22 18:44,Ativa,7/6/22 18:46,,0,06/07/2024,user_762
Anual,4,365,3/9/22 10:48,Ativa,7/6/22 7:41,,0,06/07/2024,user_739
Anual,5,365,4/29/22 18:34,Ativa,9/6/22 16:06,,0,06/09/2024,user_2883
Anual,1,365,11/6/22 10:07,Ativa,11/6/22 10:07,,0,06/11/2024,user_548
Anual,1,365,1/6/22 11:01,Ativa,1/6/22 11:01,,0,07/01/2024,user_475
Anual,1,365,1/6/22 14:15,Ativa,1/6/22 14:15,,0,07/01/2024,user_480
Anual,1,365,1/6/22 14:29,Ativa,1/6/22 14:31,,0,07/01/2024,user_490
Anual,1,365,1/6/22 19:04,Ativa,1/6/22 19:04,,0,07/01/2024,user_491
Anual,1,365,1/6/22 19:30,Ativa,1/6/22 19:30,,0,07/01/2024,user_495
Anual,1,365,1/6/22 21:33,Ativa,1/6/22 21:38,,0,07/01/2024,user_496
Anual,1,365,2/6/22 11:11,Ativa,2/6/22 11:12,,0,07/02/2024,user_497
Anual,1,365,2/6/22 13:13,Ativa,2/6/22 13:13,,0,07/02/2024,user_500
Anual,1,365,2/6/22 13:24,Ativa,2/6/22 13:24,,0,07/02/2024,user_2940
Anual,1,365,2/6/22 13:30,Ativa,2/6/22 13:30,,"230,88",07/02/2024,user_503
Anual,1,365,2/6/22 13:51,Ativa,2/6/22 13:55,,"1612,99",07/02/2024,user_504
Anual,1,365,2/6/22 16:54,Ativa,2/6/22 16:55,,"2217,14",07/02/2024,user_511
Anual,1,365,1/23/22 8:36,Ativa,2/6/22 15:14,,"82,17",07/02/2024,user_2580
Anual,1,365,3/7/22 16:44,Ativa,3/7/22 16:44,,"491,6",07/03/2024,user_606
Anual,1,365,6/7/22 10:57,Ativa,8/4/22 9:39,,"201,51",07/06/2024,user_610
Anual,1,360,6/7/22 18:55,Ativa,6/15/22 3:03,,"5922,55",07/06/2024,user_611
Anual,1,360,8/7/22 18:34,Ativa,8/15/22 3:24,,"5894,67",07/08/2024,user_613
Anual,1,365,1/7/22 0:09,Ativa,1/7/22 0:12,,"4397,38",08/01/2024,user_561
Anual,1,365,1/7/22 0:18,Ativa,1/7/22 0:18,,"3897,21",08/01/2024,user_568
Anual,1,365,1/7/22 2:19,Ativa,1/7/22 2:19,,"4640,73",08/01/2024,user_574
Anual,1,365,1/7/22 6:57,Ativa,7/17/22 16:42,,"4857,85",08/01/2024,user_579
Anual,1,365,2/7/22 7:18,Ativa,2/7/22 7:19,,"146,76",08/02/2024,user_1832
Anual,1,365,2/7/22 10:43,Ativa,2/7/22 10:43,,"1959,81",08/02/2024,user_583
Anual,1,365,2/7/22 13:16,Ativa,7/6/22 15:42,,"405,15",08/02/2024,user_2415
Anual,1,365,2/7/22 14:15,Ativa,2/7/22 14:15,,"288,87",08/02/2024,user_587
Anual,1,365,2/7/22 14:26,Ativa,2/7/22 14:26,,"83,72",08/02/2024,user_588
Anual,1,365,2/7/22 18:51,Ativa,2/7/22 18:51,,"920,21",08/02/2024,user_592
Anual,1,365,2/7/22 22:53,Ativa,2/7/22 22:53,,"3639,18",08/02/2024,user_605
Anual,1,365,1/18/22 14:30,Ativa,2/7/22 15:35,,"132,89",08/02/2024,user_1887
Anual,1,365,1/31/22 17:16,Ativa,2/7/22 22:10,,"2666,87",08/02/2024,user_3610
Anual,1,365,3/8/22 13:44,Ativa,3/8/22 13:44,,"2876,31",08/03/2024,user_650
Anual,1,365,3/8/22 15:07,Ativa,3/8/22 15:07,,"349,12",08/03/2024,user_653
Anual,1,365,3/8/22 18:57,Ativa,3/8/22 18:57,,"108,64",08/03/2024,user_438
Anual,1,365,2/26/22 20:55,Ativa,3/8/22 13:39,,"225,91",08/03/2024,user_2991
Anual,1,365,5/8/22 10:50,Ativa,5/8/22 10:51,,"33,93",08/05/2024,user_667
Anual,1,365,5/8/22 11:40,Ativa,5/8/22 11:40,,"4188,7",08/05/2024,user_676
Anual,1,365,7/8/22 12:08,Ativa,7/8/22 12:08,,"476,12",08/07/2024,user_2427
Anual,1,365,7/8/22 12:20,Ativa,7/8/22 12:20,,"23,81",08/07/2024,user_680
Anual,1,365,8/8/22 9:05,Ativa,8/8/22 9:05,,"2231,51",08/08/2024,user_686
Anual,1,365,8/8/22 10:28,Ativa,8/8/22 10:28,,"268,59",08/08/2024,user_1797
Anual,1,365,9/8/22 11:07,Ativa,9/8/22 11:07,,"265,51",08/09/2024,user_690
Anual,1,365,1/8/22 21:52,Ativa,1/8/22 21:54,,"2079,21",09/01/2024,user_628
Anual,1,365,2/8/22 11:17,Ativa,2/21/22 18:35,,"15,33",09/02/2024,user_638
Anual,1,365,2/8/22 11:28,Ativa,2/8/22 11:28,,"1631,74",09/02/2024,user_639
Anual,1,365,2/8/22 16:24,Ativa,10/4/22 14:44,,"5239,92",09/02/2024,user_2438
Anual,1,365,2/8/22 19:35,Ativa,2/8/22 19:36,,"4688,88",09/02/2024,user_649
Anual,1,365,3/9/22 10:55,Ativa,3/26/22 22:32,,"5121,64",09/03/2024,user_748
Anual,1,365,3/9/22 18:45,Ativa,3/9/22 18:46,,"112,84",09/03/2024,user_753
Anual,1,365,4/9/22 20:09,Ativa,4/9/22 20:20,,"4370,84",09/04/2024,user_759
Anual,1,365,3/23/22 22:05,Ativa,4/9/22 21:57,,"168,18",09/04/2024,user_2621
Anual,1,365,5/9/22 8:59,Ativa,5/9/22 9:03,,"374,33",09/05/2024,user_768
Anual,1,365,5/9/22 15:52,Ativa,5/9/22 15:53,,"271,25",09/05/2024,user_2408
Anual,1,365,9/9/22 2:13,Ativa,9/9/22 2:13,,"72,44",09/09/2024,user_780
Anual,1,365,9/9/22 18:58,Ativa,9/10/22 11:17,,"464,05",09/09/2024,user_786
Anual,1,365,10/2/22 16:51,Ativa,10/9/22 10:41,,"433,71",09/10/2024,user_2392
Anual,1,365,11/2/22 17:51,Ativa,11/9/22 9:40,,"200,22",09/11/2024,user_2394
Anual,1,365,11/9/22 16:31,Ativa,11/10/22 3:03,,"2002,7",09/11/2024,user_2493
Anual,1,365,1/9/22 10:20,Ativa,1/9/22 10:20,,"279,88",10/01/2024,user_705
Anual,1,365,1/9/22 10:50,Ativa,1/9/22 10:50,,"271,9",10/01/2024,user_712
Anual,1,365,1/9/22 15:19,Ativa,1/9/22 15:19,,"399,58",10/01/2024,user_714
Anual,1,360,1/10/22 10:16,Ativa,1/18/22 0:03,,"441,02",10/01/2024,user_799
Anual,1,365,2/9/22 8:48,Ativa,2/9/22 8:48,,"377,05",10/02/2024,user_718
Anual,1,365,2/9/22 15:12,Ativa,2/9/22 15:12,,"224,82",10/02/2024,user_719
Anual,1,365,2/9/22 15:54,Ativa,2/9/22 15:54,,"423,2",10/02/2024,user_724
Anual,1,365,2/9/22 16:28,Ativa,2/9/22 16:28,,"357,31",10/02/2024,user_726
Anual,1,365,2/9/22 17:44,Ativa,2/9/22 17:44,,"412,65",10/02/2024,user_1355
Anual,1,365,2/9/22 20:21,Ativa,2/9/22 20:21,,"259,99",10/02/2024,user_733
Anual,1,365,3/10/22 9:45,Ativa,3/10/22 9:45,,"19,81",10/03/2024,user_832
Anual,1,365,3/10/22 11:30,Ativa,6/1/22 3:57,,"356,86",10/03/2024,user_2496
Anual,1,365,3/10/22 14:52,Ativa,3/10/22 14:52,,"3866,49",10/03/2024,user_836
Anual,1,365,3/10/22 16:21,Ativa,3/10/22 16:22,,"377,45",10/03/2024,user_843
Anual,1,365,7/10/22 13:25,Ativa,7/10/22 13:25,,"301,67",10/07/2024,user_859
Anual,1,365,7/10/22 14:23,Ativa,7/10/22 14:23,,"92,95",10/07/2024,user_644
Anual,1,365,11/10/22 10:00,Ativa,11/10/22 10:02,,"640,61",10/11/2024,user_2629
Anual,1,365,11/10/22 12:13,Ativa,11/10/22 12:13,,"9,45",10/11/2024,user_2630
Anual,1,365,11/10/22 16:17,Ativa,11/10/22 16:17,,"496,41",10/11/2024,user_2639
Anual,1,365,1/10/22 9:47,Ativa,1/10/22 9:47,,"4101,61",11/01/2024,user_791
Anual,1,365,1/10/22 17:55,Ativa,1/10/22 17:56,,"107,7",11/01/2024,user_815
Anual,1,365,1/10/22 23:13,Ativa,2/17/22 19:59,,"471,09",11/01/2024,user_817
Anual,1,360,1/11/22 17:40,Ativa,1/19/22 3:03,,"607,71",11/01/2024,user_895
Anual,1,365,2/10/22 8:56,Ativa,2/10/22 8:56,,175,11/02/2024,user_3401
Anual,1,365,2/10/22 10:55,Ativa,2/10/22 10:57,,"2211,51",11/02/2024,user_829
Anual,1,365,3/11/22 7:19,Ativa,3/11/22 7:22,,"3175,05",11/03/2024,user_772
Anual,1,365,4/11/22 15:46,Ativa,4/11/22 15:47,,"510,02",11/04/2024,user_898
Anual,1,365,5/9/22 17:19,Ativa,5/11/22 9:15,,4481,11/05/2024,user_773
Anual,1,365,7/11/22 8:35,Ativa,7/11/22 8:39,,"4439,68",11/07/2024,user_910
Anual,1,365,7/11/22 10:42,Ativa,7/11/22 10:42,,"604,83",11/07/2024,user_912
Anual,1,365,7/11/22 12:05,Ativa,7/11/22 12:05,,"1888,4",11/07/2024,user_919
Anual,1,365,7/11/22 15:29,Ativa,7/11/22 15:30,,"5109,35",11/07/2024,user_921
Anual,1,365,8/11/22 17:21,Ativa,8/11/22 17:21,,"233,01",11/08/2024,user_972
Anual,1,365,10/11/22 10:42,Ativa,10/11/22 10:43,,"414,24",11/10/2024,user_2651
Anual,1,365,10/11/22 12:14,Ativa,10/11/22 12:14,,"5875,46",11/10/2024,user_1004
Anual,1,365,11/11/22 17:03,Ativa,11/11/22 17:04,,"3227,67",11/11/2024,user_2659
Anual,1,365,1/11/22 8:54,Ativa,1/11/22 9:03,,"209,84",12/01/2024,user_883
Anual,1,365,1/11/22 9:34,Ativa,3/24/22 13:12,,"129,67",12/01/2024,user_1617
Anual,1,365,1/11/22 10:21,Ativa,1/11/22 10:21,,"2953,57",12/01/2024,user_890
Anual,1,365,1/11/22 13:00,Ativa,1/11/22 13:00,,"417,25",12/01/2024,user_3197
Anual,1,360,3/12/22 9:11,Ativa,3/19/22 22:42,,"459,87",12/03/2024,user_1074
Anual,1,365,3/12/22 16:40,Ativa,3/12/22 16:41,,"779,22",12/03/2024,user_1075
Anual,1,365,6/12/22 8:32,Ativa,6/12/22 8:32,,"278,36",12/06/2024,user_2045
Anual,1,365,6/12/22 13:32,Ativa,6/12/22 13:32,,"295,46",12/06/2024,user_1086
Anual,1,365,6/12/22 17:07,Ativa,6/12/22 17:07,,"5,29",12/06/2024,user_617
Mensal,4,30,8/3/22 15:41,Ativa,11/14/22 10:29,,"64,88",12/12/2022,user_2398
Mensal,6,30,6/9/22 11:11,Ativa,11/11/22 9:41,,"559,27",12/12/2022,user_3248
Mensal,5,30,7/10/22 15:38,Ativa,11/11/22 10:02,,"247,76",12/12/2022,user_2559
Mensal,5,30,7/10/22 17:43,Ativa,11/11/22 9:47,,"821,4",12/12/2022,user_869
Mensal,3,30,9/10/22 20:46,Ativa,11/11/22 10:18,,"1664,04",12/12/2022,user_874
Mensal,2,30,10/11/22 11:13,Ativa,11/11/22 10:19,,"5625,98",12/12/2022,user_998
Mensal,2,30,10/11/22 13:56,Ativa,11/11/22 9:41,,"93,89",12/12/2022,user_3542
Mensal,2,30,10/11/22 14:38,Ativa,11/11/22 9:45,,"2398,81",12/12/2022,user_1019
Mensal,2,30,10/11/22 17:19,Ativa,11/11/22 9:34,,"104,85",12/12/2022,user_1021
Mensal,1,30,11/11/22 20:58,Ativa,11/11/22 20:58,,"401,03",12/12/2022,user_1025
Mensal,6,30,5/26/22 11:38,Ativa,11/11/22 10:19,,"4750,35",12/12/2022,user_3347
Anual,1,365,1/12/22 8:07,Ativa,1/15/22 7:12,,"30,04",13/01/2024,user_1028
Anual,1,365,1/12/22 13:55,Ativa,1/12/22 13:57,,"133,19",13/01/2024,user_1033
Anual,1,365,1/12/22 15:52,Ativa,1/12/22 15:52,,"156,06",13/01/2024,user_1045
Anual,1,365,1/12/22 16:06,Ativa,1/12/22 16:07,,"1415,01",13/01/2024,user_1049
Anual,1,365,1/12/22 21:16,Ativa,1/12/22 21:16,,"3387,88",13/01/2024,user_1051
Anual,1,365,2/12/22 21:56,Ativa,2/12/22 21:56,,"266,99",13/02/2024,user_1068
Anual,1,360,2/13/22 13:15,Ativa,2/21/22 1:25,,"4353,57",13/02/2024,user_1210
Anual,1,365,3/13/22 11:04,Ativa,3/13/22 11:04,,"3729,99",13/03/2024,user_1232
Anual,1,365,3/13/22 14:17,Ativa,3/13/22 14:17,,"5905,81",13/03/2024,user_1237
Anual,1,365,3/13/22 15:20,Ativa,3/13/22 15:24,,"3305,96",13/03/2024,user_1243
Anual,1,365,3/13/22 15:20,Ativa,3/13/22 15:20,,"486,88",13/03/2024,user_1244
Anual,1,365,4/13/22 8:23,Ativa,4/13/22 8:23,,"428,14",13/04/2024,user_1247
Anual,1,365,4/13/22 21:50,Ativa,4/13/22 21:54,,"4228,09",13/04/2024,user_1248
Anual,2,365,2/17/22 10:28,Ativa,4/13/22 17:32,,"3112,37",13/04/2024,user_1725
Anual,1,360,6/13/22 17:27,Ativa,6/21/22 2:24,,"442,38",13/06/2024,user_1260
Anual,1,365,7/6/22 10:38,Ativa,7/13/22 9:51,,"365,65",13/07/2024,user_2414
Anual,1,365,7/13/22 7:57,Ativa,7/13/22 8:20,,"3557,28",13/07/2024,user_2683
Anual,1,365,7/13/22 15:17,Ativa,7/13/22 15:17,,"40,22",13/07/2024,user_2686
Anual,1,365,11/13/22 14:20,Ativa,11/13/22 14:20,,"227,17",13/11/2024,user_2704
Anual,1,365,11/13/22 18:43,Ativa,11/13/22 18:44,,"1057,69",13/11/2024,user_2765
Mensal,11,30,1/6/22 9:22,Ativa,11/14/22 13:32,,"443,85",12/13/2022,user_471
Mensal,11,30,1/6/22 9:34,Ativa,11/12/22 9:41,,"5305,95",12/13/2022,user_472
Mensal,11,30,1/6/22 10:11,Ativa,11/12/22 9:45,,"341,86",12/13/2022,user_473
Mensal,10,30,2/6/22 16:37,Ativa,11/12/22 9:47,,"58,28",12/13/2022,user_507
Mensal,9,30,3/9/22 21:02,Ativa,11/12/22 9:44,,"6,11",12/13/2022,user_2478
Mensal,8,30,4/9/22 11:08,Ativa,11/12/22 9:41,,"94,43",12/13/2022,user_1537
Mensal,7,30,5/10/22 17:35,Ativa,11/12/22 9:46,,"358,78",12/13/2022,user_656
Mensal,5,30,7/11/22 17:43,Ativa,11/12/22 9:55,,"162,49",12/13/2022,user_2647
Mensal,5,30,7/11/22 18:27,Ativa,11/12/22 10:15,,"473,25",12/13/2022,user_954
Mensal,5,30,7/11/22 19:30,Ativa,11/12/22 10:04,,"305,89",12/13/2022,user_1587
Mensal,5,30,7/11/22 22:44,Ativa,11/12/22 9:36,,"31,32",12/13/2022,user_964
Mensal,3,30,9/11/22 11:05,Ativa,11/12/22 9:43,,"3167,23",12/13/2022,user_976
Mensal,3,30,9/11/22 14:42,Ativa,11/12/22 9:37,,"12,62",12/13/2022,user_980
Mensal,2,30,10/12/22 17:26,Ativa,11/12/22 9:59,,"1418,73",12/13/2022,user_1146
Mensal,2,30,10/12/22 18:05,Ativa,11/12/22 10:13,,"319,3",12/13/2022,user_2682
Mensal,2,30,10/12/22 20:49,Ativa,11/16/22 19:04,,"204,53",12/13/2022,user_2566
Anual,1,365,1/13/22 9:53,Ativa,1/13/22 9:53,,"4515,44",14/01/2024,user_1157
Anual,1,365,1/13/22 9:57,Ativa,1/13/22 9:57,,"1307,76",14/01/2024,user_1164
Anual,1,365,1/13/22 10:02,Ativa,8/18/22 17:03,,"387,25",14/01/2024,user_1168
Anual,1,365,1/13/22 11:20,Ativa,1/13/22 16:42,,"18,35",14/01/2024,user_1170
Anual,1,365,1/13/22 12:43,Ativa,1/13/22 12:43,,"204,66",14/01/2024,user_1186
Anual,1,365,1/13/22 13:11,Ativa,1/13/22 13:11,,"336,73",14/01/2024,user_1189
Anual,1,365,1/13/22 15:00,Ativa,1/13/22 15:00,,"346,86",14/01/2024,user_1191
Anual,1,365,1/13/22 19:19,Ativa,1/13/22 19:19,,"386,73",14/01/2024,user_1195
Anual,1,360,1/14/22 0:02,Ativa,1/21/22 22:04,,"3196,01",14/01/2024,user_1315
Anual,1,365,2/1/22 7:52,Ativa,2/13/22 6:33,,"210,56",14/02/2024,user_10
Anual,1,365,2/13/22 11:35,Ativa,2/13/22 11:35,,"246,46",14/02/2024,user_1200
Anual,1,365,2/13/22 12:24,Ativa,2/13/22 12:24,,"4186,37",14/02/2024,user_1202
Anual,1,365,2/13/22 13:58,Ativa,2/13/22 13:58,,"2590,56",14/02/2024,user_1214
Anual,1,365,2/13/22 15:39,Ativa,2/13/22 15:51,,"4655,75",14/02/2024,user_1224
Anual,1,365,3/14/22 13:33,Ativa,3/14/22 13:36,,"443,6",14/03/2024,user_1329
Anual,1,365,3/14/22 15:05,Ativa,3/14/22 15:05,,"184,04",14/03/2024,user_1335
Anual,1,365,3/14/22 16:42,Ativa,3/14/22 16:42,,"9,09",14/03/2024,user_1120
Anual,1,365,3/14/22 22:59,Ativa,4/12/22 21:44,,"438,21",14/03/2024,user_1350
Anual,1,365,4/14/22 9:18,Ativa,4/14/22 9:19,,"1200,66",14/04/2024,user_1351
Anual,1,365,4/14/22 14:14,Ativa,4/14/22 14:15,,"263,17",14/04/2024,user_1354
Anual,1,365,11/14/22 16:36,Ativa,11/14/22 16:36,,"3273,77",14/11/2024,user_2777
Anual,1,365,11/14/22 21:53,Ativa,11/14/22 21:53,,"4490,6",14/11/2024,user_1417
Mensal,4,30,8/5/22 8:35,Ativa,11/13/22 10:17,,"367,6",12/14/2022,user_2407
Mensal,10,30,2/7/22 21:44,Ativa,11/13/22 10:13,,"441,29",12/14/2022,user_593
Mensal,9,30,3/10/22 15:03,Ativa,11/13/22 10:00,,"5202,69",12/14/2022,user_840
Mensal,7,30,5/11/22 21:41,Ativa,11/13/22 9:34,,"35,54",12/14/2022,user_2112
Mensal,6,30,6/12/22 17:11,Ativa,11/16/22 19:48,,"4592,75",12/14/2022,user_2669
Mensal,5,30,7/12/22 10:43,Ativa,11/13/22 10:04,,"470,84",12/14/2022,user_1402
Mensal,5,30,7/12/22 15:12,Ativa,11/15/22 17:44,,"4869,11",12/14/2022,user_3005
Mensal,5,30,7/12/22 21:33,Ativa,11/13/22 9:52,,"1835,79",12/14/2022,user_1393
Mensal,4,30,8/12/22 20:50,Ativa,11/13/22 10:19,,"228,26",12/14/2022,user_1131
Mensal,3,30,9/12/22 14:59,Ativa,11/13/22 9:36,,"2690,22",12/14/2022,user_1139
Mensal,2,30,10/13/22 15:21,Ativa,11/13/22 10:05,,5430,12/14/2022,user_1280
Mensal,2,30,10/13/22 16:43,Ativa,11/13/22 10:19,,"454,78",12/14/2022,user_1285
Mensal,1,30,11/13/22 9:56,Ativa,11/13/22 9:57,,"2629,69",12/14/2022,user_1287
Mensal,1,30,11/13/22 19:00,Ativa,11/13/22 19:00,,"4167,88",12/14/2022,user_1297
Mensal,9,30,3/14/22 15:32,Ativa,11/22/22 1:25,,"398,45",12/14/2022,user_1341
Mensal,8,30,2/17/22 12:17,Ativa,11/13/22 18:05,,"5094,17",12/14/2022,user_1730
Anual,1,365,1/14/22 7:31,Ativa,1/14/22 7:31,,"4156,88",15/01/2024,user_1316
Anual,1,365,1/14/22 8:39,Ativa,1/14/22 8:39,,"1427,84",15/01/2024,user_1317
Anual,1,365,3/15/22 11:56,Ativa,3/15/22 11:56,,"4785,16",15/03/2024,user_1443
Anual,1,365,3/15/22 13:02,Ativa,3/15/22 13:02,,"352,32",15/03/2024,user_1446
Anual,1,360,4/15/22 4:39,Ativa,4/22/22 22:24,,"374,01",15/04/2024,user_1448
Anual,1,365,3/27/22 12:54,Ativa,4/15/22 11:21,,"51,16",15/04/2024,user_3529
Anual,1,365,8/15/22 5:42,Ativa,8/15/22 5:42,,"25,61",15/08/2024,user_1477
Anual,1,365,8/15/22 12:01,Ativa,8/15/22 12:01,,"5772,14",15/08/2024,user_1484
Anual,1,365,8/15/22 15:43,Ativa,8/15/22 15:43,,"139,16",15/08/2024,user_1501
Anual,1,365,8/15/22 16:40,Ativa,8/26/22 14:26,,"106,92",15/08/2024,user_1504
Anual,1,365,8/15/22 18:24,Ativa,8/15/22 18:24,,"452,15",15/08/2024,user_1508
Anual,1,365,9/15/22 8:22,Ativa,9/15/22 8:22,,"230,3",15/09/2024,user_1528
Anual,1,365,9/15/22 8:55,Ativa,9/15/22 8:55,,"493,67",15/09/2024,user_1536
Anual,1,365,11/8/22 18:57,Ativa,11/15/22 10:10,,"2871,46",15/11/2024,user_2455
Anual,1,365,11/15/22 20:30,Ativa,11/15/22 20:30,,"3931,63",15/11/2024,user_1566
Mensal,11,30,1/8/22 9:13,Ativa,11/14/22 10:17,,"150,85",12/15/2022,user_623
Mensal,10,30,2/8/22 10:36,Ativa,11/14/22 10:05,,"5663,11",12/15/2022,user_636
Mensal,10,30,2/8/22 16:30,Ativa,11/14/22 9:51,,"5976,43",12/15/2022,user_648
Mensal,6,30,6/12/22 6:13,Ativa,11/14/22 9:35,,"42,84",12/15/2022,user_1082
Mensal,6,30,6/12/22 21:43,Ativa,11/14/22 10:02,,"358,51",12/15/2022,user_1108
Mensal,4,30,8/13/22 18:15,Ativa,11/14/22 20:03,,"350,92",12/15/2022,user_2692
Mensal,3,30,9/13/22 10:33,Ativa,11/14/22 10:24,,"56,39",12/15/2022,user_1266
Mensal,3,30,9/13/22 19:31,Ativa,11/14/22 10:20,,"314,49",12/15/2022,user_1268
Mensal,1,30,11/14/22 16:57,Ativa,11/14/22 16:57,,"496,09",12/15/2022,user_1414
Mensal,1,30,11/14/22 17:43,Ativa,11/14/22 17:43,,"2954,17",12/15/2022,user_1416
Anual,1,365,2/15/22 9:40,Ativa,2/15/22 9:41,,"1013,56",16/02/2024,user_1428
Anual,1,365,2/15/22 13:06,Ativa,2/15/22 13:06,,"309,89",16/02/2024,user_1436
Anual,1,365,1/26/22 14:22,Ativa,2/15/22 8:50,,"2854,96",16/02/2024,user_2967
Mensal,2,30,1/16/22 9:07,Ativa,3/3/22 21:46,,"3401,38",3/16/2022,user_1573
Anual,1,365,3/16/22 10:38,Ativa,3/16/22 10:38,,"349,31",16/03/2024,user_1593
Anual,1,365,3/16/22 12:12,Ativa,3/16/22 12:14,,"4638,66",16/03/2024,user_1596
Anual,1,365,3/16/22 13:44,Ativa,3/16/22 13:44,,"283,01",16/03/2024,user_1597
Anual,1,365,3/16/22 16:09,Ativa,3/16/22 16:09,,"124,71",16/03/2024,user_741
Anual,1,365,4/16/22 11:01,Ativa,4/16/22 11:01,,"474,27",16/04/2024,user_1609
Anual,1,365,5/16/22 15:33,Ativa,6/2/22 19:34,,"364,81",16/05/2024,user_1621
Anual,1,365,5/16/22 15:42,Ativa,5/16/22 15:43,,"3296,51",16/05/2024,user_3225
Anual,2,365,3/27/22 14:52,Ativa,5/16/22 10:07,,"154,52",16/05/2024,user_3111
Anual,1,360,6/15/22 21:50,Ativa,6/23/22 4:04,,"1286,16",16/06/2024,user_1470
Anual,1,365,6/16/22 10:15,Ativa,6/16/22 10:15,,"468,56",16/06/2024,user_1630
Anual,1,365,6/16/22 10:47,Ativa,6/16/22 10:47,,"4423,67",16/06/2024,user_1638
Anual,1,365,7/16/22 15:44,Ativa,7/16/22 15:44,,"284,98",16/07/2024,user_1640
Anual,1,365,8/16/22 17:59,Ativa,8/16/22 17:59,,"0,8",16/08/2024,user_1565
Anual,1,360,9/16/22 12:47,Ativa,9/24/22 1:05,,"194,17",16/09/2024,user_1651
Anual,1,360,10/16/22 11:56,Ativa,10/24/22 1:22,,"236,21",16/10/2024,user_1653
Anual,1,365,11/16/22 17:01,Ativa,11/16/22 17:01,,"4878,32",16/11/2024,user_2798
Mensal,3,30,9/7/22 10:43,Ativa,11/15/22 9:33,,"2283,5",12/16/2022,user_2419
Mensal,11,30,1/9/22 9:59,Ativa,11/15/22 9:32,,"239,96",12/16/2022,user_701
Mensal,11,30,1/9/22 10:29,Ativa,11/15/22 9:46,,"1924,49",12/16/2022,user_3328
Mensal,8,30,5/9/22 11:01,Ativa,11/15/22 10:30,,"249,64",12/16/2022,user_2379
Mensal,8,30,4/12/22 11:30,Ativa,11/15/22 9:51,,"243,3",12/16/2022,user_2663
Mensal,6,30,6/13/22 0:26,Ativa,11/15/22 9:53,,"166,75",12/16/2022,user_691
Mensal,5,30,7/14/22 8:41,Ativa,11/15/22 9:47,,"2132,28",12/16/2022,user_1360
Mensal,4,30,8/14/22 6:07,Ativa,11/15/22 9:40,,"4412,9",12/16/2022,user_1364
Mensal,4,30,8/14/22 12:59,Ativa,11/15/22 10:23,,"2118,45",12/16/2022,user_1371
Mensal,3,30,9/14/22 12:11,Ativa,11/15/22 16:50,,"1193,35",12/16/2022,user_1373
Mensal,3,30,9/14/22 14:28,Ativa,11/17/22 11:25,,"186,46",12/16/2022,user_1376
Mensal,3,30,9/14/22 15:41,Ativa,11/15/22 9:42,,"246,93",12/16/2022,user_1382
Mensal,3,30,9/14/22 16:44,Ativa,11/15/22 9:43,,"243,57",12/16/2022,user_1654
Mensal,3,30,9/14/22 18:25,Ativa,11/15/22 9:46,,"265,98",12/16/2022,user_1392
Mensal,1,30,11/15/22 12:47,Ativa,11/15/22 12:47,,"77,27",12/16/2022,user_1549
Mensal,1,30,11/15/22 13:27,Ativa,11/15/22 13:27,,"408,67",12/16/2022,user_1556
Mensal,1,30,11/15/22 16:45,Ativa,11/15/22 16:45,,"204,76",12/16/2022,user_1558
Mensal,1,30,11/15/22 16:53,Ativa,11/15/22 16:53,,"3,28",12/16/2022,user_2788
Mensal,1,30,11/15/22 18:37,Ativa,11/15/22 18:37,,"946,51",12/16/2022,user_1563
Mensal,1,30,5/30/22 14:50,Ativa,11/24/22 3:03,,"4092,32",12/16/2022,user_3544
Anual,1,365,1/16/22 14:43,Ativa,1/16/22 14:43,,"1051,65",17/01/2024,user_2782
Anual,1,365,1/16/22 16:05,Ativa,1/16/22 16:07,,"135,78",17/01/2024,user_1575
Anual,1,365,1/16/22 22:55,Ativa,1/16/22 22:55,,"173,28",17/01/2024,user_1578
Anual,1,365,2/16/22 11:55,Ativa,2/16/22 11:56,,"5134,41",17/02/2024,user_1586
Anual,1,365,2/16/22 12:46,Ativa,2/16/22 12:47,,"99,5",17/02/2024,user_3178
Anual,1,365,2/16/22 20:41,Ativa,2/16/22 20:41,,"5,03",17/02/2024,user_1590
Anual,1,365,2/16/22 22:43,Ativa,2/16/22 22:43,,"290,54",17/02/2024,user_1592
Anual,1,365,3/17/22 18:14,Ativa,3/17/22 18:15,,"888,23",17/03/2024,user_1735
Anual,1,365,4/17/22 19:34,Ativa,4/17/22 19:35,,"122,44",17/04/2024,user_1740
Anual,1,365,4/17/22 23:11,Ativa,4/17/22 23:11,,"103,23",17/04/2024,user_1741
Anual,1,365,5/17/22 10:04,Ativa,5/17/22 10:04,,4346,17/05/2024,user_518
Anual,1,365,5/17/22 14:43,Ativa,5/17/22 14:53,,"5776,62",17/05/2024,user_3218
Anual,1,360,6/17/22 12:30,Ativa,6/25/22 0:43,,"219,87",17/06/2024,user_1763
Anual,1,365,8/17/22 11:23,Ativa,8/17/22 11:23,,"146,07",17/08/2024,user_1775
Anual,1,365,8/17/22 17:12,Ativa,8/17/22 17:12,,"1330,94",17/08/2024,user_1779
Anual,1,365,11/17/22 14:25,Ativa,11/17/22 14:25,,"129,34",17/11/2024,user_2816
Mensal,8,30,4/3/22 11:33,Ativa,11/16/22 10:25,,"263,29",12/17/2022,user_257
Mensal,3,30,9/9/22 15:23,Ativa,11/25/22 2:23,,"5870,49",12/17/2022,user_2492
Mensal,11,30,1/10/22 11:22,Ativa,11/16/22 10:03,,"444,53",12/17/2022,user_804
Mensal,9,30,3/13/22 21:19,Ativa,11/16/22 10:29,,"479,29",12/17/2022,user_1245
Mensal,2,30,10/13/22 11:14,Ativa,11/16/22 15:18,,"80,61",12/17/2022,user_1516
Mensal,6,30,6/14/22 11:29,Ativa,11/16/22 9:53,,"2432,24",12/17/2022,user_538
Mensal,6,30,6/14/22 11:41,Ativa,11/16/22 10:11,,"192,14",12/17/2022,user_1359
Mensal,4,30,8/15/22 9:25,Ativa,11/16/22 16:44,,"211,93",12/17/2022,user_2783
Mensal,4,30,8/15/22 14:35,Ativa,11/16/22 10:18,,"3913,47",12/17/2022,user_1488
Mensal,3,30,9/15/22 12:28,Ativa,11/16/22 10:12,,"3499,44",12/17/2022,user_1543
Mensal,3,30,9/15/22 12:57,Ativa,11/16/22 9:57,,"221,21",12/17/2022,user_679
Mensal,3,30,9/15/22 13:11,Ativa,11/16/22 9:38,,"165,13",12/17/2022,user_1545
Mensal,2,30,10/16/22 21:36,Ativa,11/16/22 9:55,,"4761,4",12/17/2022,user_1006
Mensal,1,30,11/16/22 10:21,Ativa,11/16/22 10:21,,"1069,21",12/17/2022,user_3358
Mensal,1,30,11/16/22 12:03,Ativa,11/16/22 12:03,,"94,06",12/17/2022,user_1657
Mensal,1,30,11/16/22 18:09,Ativa,11/16/22 18:09,,"5779,18",12/17/2022,user_1676
Mensal,1,30,11/16/22 18:09,Ativa,11/16/22 18:09,,"316,25",12/17/2022,user_1682
Mensal,1,30,11/16/22 18:16,Ativa,11/16/22 18:16,,"621,47",12/17/2022,user_1683
Mensal,11,30,1/17/22 12:06,Ativa,11/25/22 0:04,,"2750,57",12/17/2022,user_1702
Anual,1,365,1/17/22 10:34,Ativa,1/17/22 10:34,,"2176,16",18/01/2024,user_1699
Anual,1,365,1/17/22 16:56,Ativa,1/17/22 16:58,,"216,14",18/01/2024,user_1707
Anual,1,365,1/17/22 17:19,Ativa,1/17/22 17:19,,"92,59",18/01/2024,user_1709
Anual,1,365,1/17/22 17:40,Ativa,1/17/22 17:40,,"294,86",18/01/2024,user_1719
Anual,1,365,1/17/22 20:32,Ativa,1/17/22 20:32,,"5021,94",18/01/2024,user_1721
Anual,1,365,1/17/22 23:17,Ativa,1/17/22 23:17,,"476,07",18/01/2024,user_1723
Anual,1,365,4/18/22 8:44,Ativa,4/18/22 8:44,,"2586,21",18/04/2024,user_1894
Anual,1,365,4/18/22 11:26,Ativa,4/18/22 11:27,,"2356,55",18/04/2024,user_1895
Anual,1,365,4/18/22 15:52,Ativa,4/18/22 15:52,,"256,58",18/04/2024,user_1903
Anual,1,365,4/18/22 22:29,Ativa,4/18/22 22:29,,"5382,88",18/04/2024,user_1960
Anual,1,365,5/18/22 12:56,Ativa,5/18/22 12:56,,"279,6",18/05/2024,user_1910
Anual,1,360,7/17/22 23:09,Ativa,7/25/22 4:24,,"206,98",18/07/2024,user_1765
Anual,1,365,8/18/22 7:12,Ativa,8/18/22 7:13,,"76,07",18/08/2024,user_2864
Anual,1,360,9/18/22 14:47,Ativa,9/26/22 2:44,,"395,88",18/09/2024,user_1968
Anual,5,365,4/26/22 10:26,Ativa,9/18/22 9:43,,"3803,92",18/09/2024,user_2998
Mensal,6,30,6/1/22 14:50,Ativa,11/17/22 10:22,,"261,09",12/18/2022,user_2387
Mensal,4,30,8/16/22 8:48,Ativa,11/17/22 9:45,,"5287,01",12/18/2022,user_1644
Mensal,2,30,10/17/22 11:08,Ativa,11/17/22 9:46,,"1462,51",12/18/2022,user_1783
Mensal,2,30,10/17/22 11:50,Ativa,11/17/22 10:08,,"1,85",12/18/2022,user_2805
Mensal,1,30,11/17/22 15:24,Ativa,11/17/22 15:24,,"430,07",12/18/2022,user_1805
Mensal,1,30,11/17/22 20:00,Ativa,11/17/22 20:00,,"498,05",12/18/2022,user_756
Mensal,1,30,11/17/22 23:34,Ativa,11/17/22 23:34,,"717,09",12/18/2022,user_3067
Mensal,5,30,5/22/22 14:19,Ativa,11/17/22 9:51,,"81,42",12/18/2022,user_2476
Anual,1,365,1/18/22 11:30,Ativa,1/18/22 11:31,,"2166,68",19/01/2024,user_1862
Anual,1,365,1/18/22 11:32,Ativa,1/18/22 11:32,,"151,77",19/01/2024,user_1990
Anual,1,365,1/18/22 18:31,Ativa,1/18/22 18:31,,"12,29",19/01/2024,user_1888
Anual,1,365,1/18/22 18:40,Ativa,1/18/22 18:41,,"195,57",19/01/2024,user_1891
Anual,1,365,4/19/22 8:03,Ativa,4/19/22 8:03,,"1789,69",19/04/2024,user_2021
Anual,1,365,6/19/22 9:30,Ativa,6/19/22 9:31,,"3958,17",19/06/2024,user_2028
Anual,1,365,6/19/22 12:34,Ativa,6/19/22 12:34,,"212,34",19/06/2024,user_2044
Anual,1,365,6/19/22 17:07,Ativa,6/19/22 17:07,,"5196,81",19/06/2024,user_2048
Anual,1,365,7/19/22 16:25,Ativa,7/19/22 16:25,,"2680,76",19/07/2024,user_2073
Anual,1,365,9/19/22 13:41,Ativa,9/19/22 13:41,,"304,1",19/09/2024,user_2089
Anual,1,365,11/19/22 6:54,Ativa,11/19/22 6:55,,"25,54",19/11/2024,user_2893
Mensal,11,30,1/12/22 9:17,Ativa,11/18/22 9:32,,"1112,09",12/19/2022,user_1032
Mensal,11,30,1/12/22 23:20,Ativa,11/18/22 9:43,,"721,54",12/19/2022,user_1053
Mensal,10,30,2/12/22 16:12,Ativa,11/18/22 10:02,,"5183,13",12/19/2022,user_1057
Mensal,10,30,2/12/22 16:21,Ativa,11/18/22 10:01,,"5556,16",12/19/2022,user_1064
Mensal,9,30,3/15/22 10:10,Ativa,11/18/22 9:48,,"5722,24",12/19/2022,user_1438
Mensal,9,30,3/15/22 16:53,Ativa,11/18/22 10:12,,"328,47",12/19/2022,user_1447
Mensal,7,30,5/16/22 14:27,Ativa,11/18/22 10:02,,"998,89",12/19/2022,user_3466
Mensal,4,30,8/17/22 11:28,Ativa,11/18/22 10:12,,"3688,58",12/19/2022,user_1776
Mensal,4,30,8/17/22 17:41,Ativa,11/18/22 10:11,,"187,79",12/19/2022,user_1781
Mensal,2,30,10/18/22 10:06,Ativa,11/18/22 9:37,,"365,97",12/19/2022,user_2876
Mensal,2,30,10/18/22 15:44,Ativa,11/20/22 15:46,,"351,61",12/19/2022,user_1981
Anual,1,365,1/13/22 10:17,Ativa,1/19/22 11:32,,"80,13",20/01/2024,user_1169
Anual,1,365,1/19/22 12:23,Ativa,1/19/22 12:23,,"148,61",20/01/2024,user_2004
Anual,1,365,1/19/22 15:55,Ativa,1/19/22 15:58,,"385,27",20/01/2024,user_2015
Anual,1,365,1/19/22 17:18,Ativa,1/19/22 17:21,,"372,88",20/01/2024,user_2016
Anual,1,360,1/20/22 13:13,Ativa,1/28/22 1:22,,"18,61",20/01/2024,user_2111
Anual,1,365,3/20/22 12:33,Ativa,3/20/22 12:33,,"2089,15",20/03/2024,user_2138
Anual,1,365,3/20/22 14:22,Ativa,3/20/22 14:22,,"186,92",20/03/2024,user_2140
Anual,1,365,4/20/22 10:22,Ativa,4/20/22 10:22,,"57,86",20/04/2024,user_2150
Anual,1,365,4/20/22 10:35,Ativa,5/4/22 14:59,,"464,53",20/04/2024,user_2898
Anual,1,365,7/20/22 8:46,Ativa,7/20/22 8:46,,"362,28",20/07/2024,user_2165
Anual,1,365,7/20/22 10:02,Ativa,7/20/22 10:03,,"450,78",20/07/2024,user_2175
Anual,1,365,9/20/22 10:34,Ativa,9/20/22 10:34,,"477,89",20/09/2024,user_2191
Anual,1,365,9/20/22 18:10,Ativa,9/23/22 3:05,,"3532,44",20/09/2024,user_2221
Anual,1,365,11/20/22 14:44,Ativa,11/20/22 14:45,,"461,58",20/11/2024,user_2904
Anual,1,365,11/20/22 15:48,Ativa,11/20/22 15:49,,"150,37",20/11/2024,user_2905
Mensal,10,30,1/5/22 10:36,Ativa,11/21/22 13:55,,"75,17",12/20/2022,user_367
Mensal,11,30,1/12/22 14:41,Ativa,11/19/22 9:53,,"443,92",12/20/2022,user_1035
Mensal,11,30,1/13/22 19:35,Ativa,11/19/22 11:02,,"365,34",12/20/2022,user_1199
Mensal,10,30,2/13/22 19:42,Ativa,11/19/22 10:42,,"5418,9",12/20/2022,user_3302
Mensal,3,30,9/18/22 13:42,Ativa,11/19/22 10:39,,"447,85",12/20/2022,user_677
Mensal,3,30,9/18/22 13:57,Ativa,11/19/22 10:21,,"1708,16",12/20/2022,user_1964
Mensal,3,30,9/18/22 19:56,Ativa,11/20/22 15:21,,"286,8",12/20/2022,user_1971
Mensal,2,30,10/19/22 14:51,Ativa,11/19/22 10:16,,"3611,21",12/20/2022,user_2096
Mensal,11,30,1/20/22 11:38,Ativa,11/28/22 0:42,,"5577,71",12/20/2022,user_2105
Anual,1,365,1/20/22 11:32,Ativa,1/22/22 16:32,,"996,29",21/01/2024,user_2098
Anual,1,365,1/20/22 11:59,Ativa,1/20/22 11:59,,"2695,41",21/01/2024,user_2110
Anual,1,365,1/20/22 18:25,Ativa,1/20/22 18:26,,"141,78",21/01/2024,user_2116
Anual,1,365,2/20/22 15:11,Ativa,2/20/22 15:11,,"5453,26",21/02/2024,user_3089
Anual,1,365,2/20/22 15:46,Ativa,2/20/22 15:46,,"852,94",21/02/2024,user_2118
Anual,2,365,2/13/22 23:09,Ativa,3/21/22 9:09,,"385,29",21/03/2024,user_1231
Anual,2,365,3/21/22 15:39,Ativa,4/21/22 11:21,,"2394,97",21/04/2024,user_2365
Anual,1,365,5/21/22 8:45,Ativa,5/21/22 8:57,,"26,71",21/05/2024,user_1544
Anual,1,365,6/21/22 22:10,Ativa,6/21/22 22:10,,"480,26",21/06/2024,user_2385
Anual,1,365,11/21/22 7:51,Ativa,11/21/22 7:51,,"27,68",21/11/2024,user_2974
Anual,1,365,11/21/22 15:28,Ativa,11/21/22 15:28,,"202,34",21/11/2024,user_299
Mensal,5,30,7/12/22 10:01,Ativa,11/20/22 10:29,,"394,93",12/21/2022,user_2680
Mensal,1,30,11/13/22 13:20,Ativa,11/20/22 10:17,,"235,31",12/21/2022,user_2699
Mensal,11,30,1/14/22 9:23,Ativa,11/20/22 10:13,,"475,35",12/21/2022,user_1323
Mensal,7,30,5/18/22 13:48,Ativa,11/20/22 10:34,,"202,39",12/21/2022,user_1916
Mensal,1,30,11/26/22 21:10,Ativa,11/26/22 21:10,,"163,86",12/27/2022,user_3054
Anual,1,365,1/27/22 11:23,Ativa,1/27/22 11:23,,"182,95",28/01/2024,user_3081
Anual,1,365,1/27/22 13:20,Ativa,1/27/22 13:21,,"601,4",28/01/2024,user_3082
Anual,1,365,1/27/22 17:24,Ativa,1/27/22 17:26,,"315,95",28/01/2024,user_3088
Anual,1,365,2/10/22 16:10,Ativa,2/27/22 16:23,,"196,28",28/02/2024,user_830
Anual,1,365,2/27/22 10:33,Ativa,2/27/22 10:34,,"205,46",28/02/2024,user_3090
Anual,1,365,2/27/22 12:35,Ativa,2/27/22 12:35,,"3072,48",28/02/2024,user_3094
Anual,1,365,2/27/22 12:57,Ativa,2/27/22 12:57,,"5115,74",28/02/2024,user_3099
Anual,1,365,2/27/22 17:24,Ativa,2/27/22 17:24,,"222,78",28/02/2024,user_3102
Anual,1,365,2/27/22 17:34,Ativa,3/1/22 15:54,,"491,46",28/02/2024,user_3104
Anual,1,365,3/28/22 13:45,Ativa,3/28/22 13:45,,"1198,04",28/03/2024,user_1355
Anual,1,365,4/11/22 11:58,Ativa,4/28/22 11:39,,"1039,59",28/04/2024,user_897
Anual,1,365,4/28/22 10:31,Ativa,4/28/22 10:32,,"418,89",28/04/2024,user_3227
Anual,1,365,4/28/22 16:20,Ativa,4/28/22 17:10,,"186,61",28/04/2024,user_3229
Anual,1,365,5/28/22 11:08,Ativa,5/28/22 11:08,,"5855,3",28/05/2024,user_3236
Anual,2,365,5/11/22 17:49,Ativa,6/28/22 17:08,,"204,51",28/06/2024,user_900
Anual,1,365,6/28/22 9:17,Ativa,6/28/22 9:17,,"482,46",28/06/2024,user_3238
Anual,1,365,6/28/22 9:32,Ativa,6/28/22 9:33,,"4421,12",28/06/2024,user_3239
Anual,1,365,6/28/22 15:22,Ativa,6/28/22 15:23,,"429,5",28/06/2024,user_3487
Anual,3,365,5/1/22 18:20,Ativa,7/28/22 11:31,,"206,57",28/07/2024,user_55
Anual,1,365,8/28/22 21:07,Ativa,8/28/22 21:08,,"450,21",28/08/2024,user_282
Anual,1,365,9/28/22 11:00,Ativa,9/28/22 11:00,,"293,14",28/09/2024,user_3514
Anual,1,365,11/28/22 10:18,Ativa,11/28/22 10:19,,"194,77",28/11/2024,user_3525
Anual,1,365,11/28/22 10:37,Ativa,11/28/22 10:37,,"36,91",28/11/2024,user_3530
Anual,1,365,11/28/22 15:20,Ativa,11/28/22 15:20,,"146,29",28/11/2024,user_3531
Anual,1,365,11/28/22 23:51,Ativa,11/29/22 1:04,,"209,05",28/11/2024,user_2940
Mensal,9,30,3/10/22 18:21,Ativa,11/27/22 10:10,,"3459,57",12/28/2022,user_3597
Mensal,4,30,8/16/22 16:43,Ativa,11/27/22 11:04,,"336,25",12/28/2022,user_2797
Mensal,9,30,3/24/22 9:55,Ativa,11/27/22 10:50,,"295,61",12/28/2022,user_2725
Mensal,8,30,4/24/22 19:30,Ativa,11/27/22 10:17,,"248,89",12/28/2022,user_2742
Mensal,7,30,5/25/22 14:54,Ativa,11/27/22 10:40,,"450,96",12/28/2022,user_2843
Mensal,7,30,5/25/22 17:13,Ativa,11/27/22 10:21,,"886,11",12/28/2022,user_2848
Mensal,6,30,6/25/22 21:24,Ativa,11/27/22 10:44,,"5596,84",12/28/2022,user_2852
Mensal,5,30,7/26/22 14:59,Ativa,11/27/22 10:01,,"326,5",12/28/2022,user_3027
Mensal,4,30,8/26/22 11:45,Ativa,11/27/22 10:08,,"397,8",12/28/2022,user_3039
Mensal,3,30,9/26/22 10:42,Ativa,11/27/22 9:46,,"5016,11",12/28/2022,user_3052
Mensal,1,30,11/27/22 9:54,Ativa,11/27/22 9:54,,"776,13",12/28/2022,user_3179
Mensal,1,30,11/27/22 15:56,Ativa,11/27/22 15:57,,"63,75",12/28/2022,user_787
Mensal,1,30,11/27/22 19:18,Ativa,11/27/22 19:18,,"375,17",12/28/2022,user_3208
Anual,1,365,2/28/22 19:14,Ativa,2/28/22 19:16,,"61,51",29/02/2024,user_3220
Anual,1,365,2/28/22 21:18,Ativa,2/28/22 21:18,,"98,99",29/02/2024,user_3223
Anual,1,365,3/29/22 13:45,Ativa,3/29/22 13:45,,"490,13",29/03/2024,user_3325
Anual,1,365,4/29/22 15:41,Ativa,4/29/22 16:02,,"305,11",29/04/2024,user_3330
Anual,1,365,4/29/22 17:10,Ativa,4/29/22 17:10,,"473,91",29/04/2024,user_2113
Anual,1,360,5/29/22 20:33,Ativa,6/6/22 2:06,,"1337,18",29/05/2024,user_3340
Anual,1,360,5/29/22 20:34,Ativa,6/6/22 2:06,,"838,38",29/05/2024,user_3342
Anual,1,360,5/29/22 20:35,Ativa,6/6/22 2:22,,"151,22",29/05/2024,user_3348
Anual,1,360,5/29/22 20:36,Ativa,6/6/22 2:22,,"399,9",29/05/2024,user_3357
Anual,1,360,5/29/22 20:36,Ativa,6/6/22 2:22,,"1794,92",29/05/2024,user_3371
Anual,1,360,5/29/22 20:36,Ativa,6/6/22 2:22,,"277,97",29/05/2024,user_3376
Anual,6,365,1/3/22 19:13,Ativa,6/29/22 10:59,,"4970,34",29/06/2024,user_228
Anual,1,365,6/29/22 10:54,Ativa,6/29/22 10:54,,"294,1",29/06/2024,user_3381
Anual,1,365,6/29/22 11:11,Ativa,6/29/22 11:11,,"408,17",29/06/2024,user_3383
Anual,1,365,6/29/22 15:06,Ativa,6/29/22 15:17,,"800,77",29/06/2024,user_3384
Anual,1,365,6/29/22 15:09,Ativa,6/29/22 15:09,,"326,13",29/06/2024,user_3386
Anual,1,365,11/29/22 13:14,Ativa,11/29/22 13:14,,"98,63",29/11/2024,user_717
Anual,1,365,11/29/22 15:17,Ativa,11/29/22 15:17,,"28,65",29/11/2024,user_2322
Anual,1,365,11/29/22 18:53,Ativa,11/29/22 18:53,,"195,9",29/11/2024,user_3417
Anual,1,365,11/29/22 21:35,Ativa,11/29/22 21:35,,"97,1",29/11/2024,user_3539
Mensal,4,30,8/1/22 12:41,Ativa,11/28/22 16:15,,"2443,38",12/29/2022,user_66
Mensal,1,30,11/14/22 13:30,Ativa,11/28/22 10:47,,"472,72",12/29/2022,user_2775
Mensal,7,30,5/26/22 13:47,Ativa,11/28/22 10:47,,"2422,76",12/29/2022,user_3016
Mensal,1,30,11/28/22 9:04,Ativa,11/28/22 9:04,,"5797,33",12/29/2022,user_3524
Mensal,1,30,11/28/22 14:23,Ativa,11/28/22 14:24,,"255,61",12/29/2022,user_3297
Mensal,1,30,11/28/22 16:11,Ativa,11/28/22 16:12,,"479,85",12/29/2022,user_3301
Mensal,1,30,11/28/22 16:59,Ativa,11/28/22 16:59,,"2264,44",12/29/2022,user_3306
Mensal,1,30,11/28/22 17:06,Ativa,11/28/22 17:07,,"456,64",12/29/2022,user_3310
Anual,1,365,1/29/22 17:40,Ativa,1/29/22 17:41,,"74,72",30/01/2024,user_3322
Anual,1,365,1/29/22 20:16,Ativa,1/29/22 20:32,,"209,45",30/01/2024,user_3323
Anual,1,360,1/30/22 6:50,Ativa,2/6/22 22:23,,"439,59",30/01/2024,user_299
Anual,1,360,1/30/22 15:26,Ativa,2/7/22 2:05,,"132,52",30/01/2024,user_3432
Anual,1,360,3/30/22 19:24,Ativa,4/7/22 1:44,,"267,53",30/03/2024,user_3470
Anual,1,365,3/30/22 20:56,Ativa,3/30/22 20:57,,"2362,73",30/03/2024,user_3474
Anual,1,360,5/29/22 21:03,Ativa,6/6/22 2:23,,"908,92",30/05/2024,user_3380
Anual,1,365,5/30/22 11:42,Ativa,5/30/22 11:42,,"373,69",30/05/2024,user_3486
Anual,1,365,6/30/22 10:03,Ativa,6/30/22 10:03,,"132,32",30/06/2024,user_687
Anual,1,365,6/30/22 17:39,Ativa,6/30/22 17:43,,"354,8",30/06/2024,user_3494
Anual,1,365,8/30/22 19:06,Ativa,8/30/22 19:06,,"40,34",30/08/2024,user_3498
Anual,1,365,9/23/22 14:41,Ativa,9/30/22 9:50,,"446,06",30/09/2024,user_3066
Anual,1,365,9/23/22 15:26,Ativa,9/30/22 11:02,,"4365,28",30/09/2024,user_3087
Anual,1,365,11/30/22 10:40,Ativa,11/30/22 10:40,,"1802,42",30/11/2024,user_3549
Anual,1,365,11/30/22 14:02,Ativa,11/30/22 14:02,,"381,93",30/11/2024,user_3554
Anual,1,365,11/30/22 15:10,Ativa,11/30/22 15:10,,"2853,53",30/11/2024,user_3569
Anual,1,365,11/30/22 16:33,Ativa,11/30/22 16:33,,"1548,36",30/11/2024,user_3572
Anual,1,365,11/30/22 16:53,Ativa,11/30/22 16:54,,"213,3",30/11/2024,user_3573
Anual,1,365,11/30/22 17:21,Ativa,11/30/22 17:21,,"440,5",30/11/2024,user_3585
Anual,1,365,11/30/22 20:45,Ativa,11/30/22 20:45,,"5966,25",30/11/2024,user_1120
Anual,1,365,11/30/22 23:39,Ativa,11/30/22 23:39,,"410,38",30/11/2024,user_3596
Anual,1,365,11/30/22 23:58,Ativa,11/30/22 23:58,,"1319,16",30/11/2024,user_1352
Anual,1,730,11/30/22 14:18,Ativa,11/30/22 14:18,,"447,67",30/11/2025,user_3559
Mensal,9,30,4/8/22 16:53,Ativa,11/29/22 10:12,,"267,94",12/30/2022,user_2439
Mensal,5,30,7/21/22 14:05,Ativa,11/29/22 9:32,,"449,97",12/30/2022,user_805
Mensal,8,30,4/26/22 20:44,Ativa,11/29/22 9:58,,"762,52",12/30/2022,user_3000
Mensal,6,30,6/27/22 17:17,Ativa,11/29/22 10:34,,"638,97",12/30/2022,user_3130
Mensal,4,30,8/28/22 9:03,Ativa,11/29/22 10:25,,"461,94",12/30/2022,user_2856
Mensal,3,30,9/28/22 9:32,Ativa,11/29/22 10:19,,"4472,39",12/30/2022,user_3258
Mensal,3,30,9/28/22 13:11,Ativa,11/29/22 10:19,,"69,22",12/30/2022,user_1559
Mensal,3,30,9/28/22 14:15,Ativa,11/29/22 9:59,,"173,73",12/30/2022,user_3270
Mensal,3,30,9/28/22 19:51,Ativa,11/29/22 19:04,,"283,26",12/30/2022,user_470
Anual,1,365,1/10/22 16:54,Ativa,1/30/22 10:52,,"455,52",31/01/2024,user_806
Anual,1,365,1/30/22 11:12,Ativa,1/30/22 11:12,,"17,61",31/01/2024,user_3424
Anual,1,365,1/30/22 12:35,Ativa,1/30/22 12:36,,"194,78",31/01/2024,user_3429
Anual,1,365,1/30/22 14:04,Ativa,1/30/22 14:05,,"3050,24",31/01/2024,user_3430
Anual,1,365,1/30/22 16:17,Ativa,1/30/22 16:19,,"345,38",31/01/2024,user_3433
Anual,1,365,1/30/22 16:42,Ativa,1/30/22 16:42,,"200,72",31/01/2024,user_3437
Anual,1,365,1/30/22 21:10,Ativa,1/30/22 21:11,,"178,88",31/01/2024,user_3452
Anual,1,365,1/30/22 21:25,Ativa,1/30/22 21:25,,"3011,02",31/01/2024,user_3456
Anual,1,365,3/23/22 17:41,Ativa,3/31/22 0:48,,"364,19",31/03/2024,user_2613
Anual,1,365,3/31/22 2:13,Ativa,3/31/22 2:13,,"366,07",31/03/2024,user_3613
Anual,1,360,5/31/22 14:41,Ativa,6/8/22 1:05,,"1748,33",31/05/2024,user_3644
Anual,1,365,7/31/22 15:27,Ativa,7/31/22 15:28,,"147,98",31/07/2024,user_3660
Anual,1,365,8/31/22 2:32,Ativa,8/31/22 2:32,,"4640,39",31/08/2024,user_3670
Anual,1,365,8/31/22 17:42,Ativa,8/31/22 17:43,,"1130,4",31/08/2024,user_3631
Mensal,6,30,6/5/22 16:11,Ativa,11/30/22 9:57,,"128,73",12/31/2022,user_2406
Mensal,6,30,6/21/22 9:45,Ativa,11/30/22 9:52,,"5321,96",12/31/2022,user_2915
Mensal,6,30,6/21/22 17:50,Ativa,11/30/22 10:29,,"439,62",12/31/2022,user_2928
Mensal,8,30,4/27/22 14:54,Ativa,11/30/22 10:30,,"4798,98",12/31/2022,user_3121
Mensal,6,30,6/28/22 22:20,Ativa,11/30/22 9:43,,"439,76",12/31/2022,user_3246
Mensal,3,30,9/29/22 13:48,Ativa,11/30/22 10:11,,"303,59",12/31/2022,user_3533
Mensal,1,30,11/30/22 12:46,Ativa,11/30/22 12:47,,"88,17",12/31/2022,user_3423
Mensal,3,30,1/9/22 12:20,Atrasada,3/9/22 11:42,,"108,64",4/9/2022,user_2443
Mensal,1,30,5/2/22 23:25,Atrasada,5/12/22 7:31,,"1983,58",09/05/2024,user_2779
Mensal,5,30,1/9/22 9:28,Atrasada,5/9/22 11:13,,"5854,41",6/9/2022,user_2706
Mensal,3,30,7/11/22 7:30,Atrasada,9/11/22 11:24,,"3415,72",10/11/2022,user_2890
Mensal,4,30,2/12/22 12:03,Atrasada,5/12/22 11:55,,"583,55",6/12/2022,user_2296
Mensal,9,30,3/22/22 17:31,Atrasada,11/22/22 10:36,,"50,93",12/22/2022,user_414
Mensal,3,30,1/23/22 18:23,Atrasada,3/23/22 12:30,,"147,96",4/23/2022,user_2696
Mensal,1,30,1/1/22 17:17,Cancelada,2/7/22 9:35,2/7/22 9:35,"231,34",2/1/2022,user_3055
Mensal,1,30,1/1/22 17:52,Cancelada,1/17/22 0:34,1/17/22 0:34,"80,49",2/1/2022,user_3013
Mensal,1,30,1/1/22 19:38,Cancelada,2/7/22 9:35,2/7/22 9:35,"421,39",2/1/2022,user_1811
Anual,1,365,1/31/22 15:36,Cancelada,2/3/22 11:01,2/3/22 11:01,"381,12",01/02/2024,user_996
Mensal,1,30,6/2/22 11:31,Cancelada,7/9/22 9:50,7/9/22 9:50,"360,32",7/3/2022,user_2475
Mensal,1,30,6/2/22 19:13,Cancelada,6/7/22 19:04,6/7/22 19:04,"406,84",7/3/2022,user_3528
Mensal,5,30,3/1/22 8:15,Cancelada,8/3/22 10:30,8/3/22 10:30,"241,29",8/3/2022,user_2088
Mensal,1,30,7/3/22 8:38,Cancelada,7/24/22 10:32,7/24/22 10:32,"308,52",8/3/2022,user_3411
Mensal,1,30,7/3/22 9:31,Cancelada,7/7/22 18:12,7/7/22 18:12,"5152,66",8/3/2022,user_92
Mensal,1,30,7/3/22 10:43,Cancelada,7/10/22 18:17,7/10/22 18:17,"172,75",8/3/2022,user_330
Mensal,1,30,7/3/22 13:34,Cancelada,8/9/22 10:10,8/9/22 10:10,"22,31",8/3/2022,user_26
Mensal,1,30,7/3/22 15:53,Cancelada,7/5/22 11:21,7/5/22 11:21,"4511,44",8/3/2022,user_2061
Mensal,5,30,3/31/22 9:54,Cancelada,7/12/22 10:31,7/12/22 10:31,"95,59",8/3/2022,user_3686
Mensal,5,30,4/1/22 9:29,Cancelada,9/3/22 10:30,9/3/22 10:30,"481,2",9/3/2022,user_2353
Mensal,5,30,4/1/22 10:47,Cancelada,9/3/22 10:30,9/3/22 10:30,"1462,07",9/3/2022,user_132
Mensal,4,30,5/2/22 11:37,Cancelada,9/9/22 10:19,9/9/22 10:19,"342,47",9/3/2022,user_2960
Mensal,1,30,8/3/22 13:23,Cancelada,9/9/22 10:28,9/9/22 10:28,"4280,22",9/3/2022,user_251
Mensal,1,30,8/3/22 19:26,Cancelada,9/9/22 10:12,9/9/22 10:12,"5072,24",9/3/2022,user_2820
Mensal,7,30,1/29/22 12:34,Cancelada,9/9/22 10:21,9/9/22 10:21,"1892,57",9/3/2022,user_2352
Mensal,4,30,6/1/22 13:01,Cancelada,10/3/22 10:34,10/3/22 10:34,"363,17",10/3/2022,user_2391
Mensal,2,30,8/2/22 9:51,Cancelada,10/3/22 17:40,10/3/22 17:40,"113,96",10/3/2022,user_1752
Mensal,2,30,8/2/22 13:10,Cancelada,10/9/22 9:31,10/9/22 9:31,"1364,17",10/3/2022,user_3008
Mensal,2,30,8/2/22 14:08,Cancelada,10/9/22 10:09,10/9/22 10:09,"367,41",10/3/2022,user_1066
Mensal,1,30,9/2/22 18:41,Cancelada,10/9/22 9:50,10/9/22 9:50,"1928,84",10/3/2022,user_1693
Mensal,5,30,6/1/22 17:17,Cancelada,11/3/22 10:33,11/3/22 10:33,"475,1",11/3/2022,user_1619
Mensal,2,30,9/2/22 7:07,Cancelada,11/9/22 10:13,11/9/22 10:13,"445,19",11/3/2022,user_3305
Mensal,2,30,9/2/22 11:59,Cancelada,11/9/22 10:21,11/9/22 10:21,"591,66",11/3/2022,user_1065
Mensal,2,30,9/2/22 15:35,Cancelada,10/3/22 18:36,10/3/22 18:36,"3117,52",11/3/2022,user_577
Mensal,1,30,10/3/22 10:31,Cancelada,11/9/22 9:49,11/9/22 9:49,"98,76",11/3/2022,user_2551
Mensal,1,30,10/3/22 13:52,Cancelada,11/3/22 9:45,11/3/22 9:45,"492,75",11/3/2022,user_2249
Mensal,3,30,9/1/22 16:17,Cancelada,11/7/22 10:16,11/7/22 10:16,"5595,37",12/3/2022,user_1698
Mensal,10,30,2/27/22 23:03,Cancelada,11/28/22 16:29,11/28/22 16:29,"348,76",12/3/2022,user_2205
Mensal,1,30,1/4/22 10:27,Cancelada,2/10/22 9:43,2/10/22 9:43,"4518,25",2/4/2022,user_2787
Mensal,1,30,1/4/22 13:04,Cancelada,2/10/22 9:47,2/10/22 9:47,"208,35",2/4/2022,user_899
Mensal,1,30,1/4/22 13:07,Cancelada,1/29/22 0:27,1/29/22 0:27,"487,39",2/4/2022,user_1422
Mensal,1,30,1/4/22 16:03,Cancelada,2/10/22 9:30,2/10/22 9:30,"2279,36",2/4/2022,user_436
Mensal,1,30,1/4/22 20:39,Cancelada,2/10/22 9:40,2/10/22 9:40,"483,19",2/4/2022,user_3212
Mensal,1,30,1/4/22 23:40,Cancelada,2/10/22 9:45,2/10/22 9:45,"156,71",2/4/2022,user_3126
Mensal,1,30,1/4/22 23:49,Cancelada,2/10/22 9:44,2/10/22 9:44,"2016,61",2/4/2022,user_1538
Mensal,2,30,1/1/22 15:19,Cancelada,2/8/22 11:53,2/8/22 11:53,"1086,25",3/4/2022,user_2122
Mensal,2,30,1/1/22 21:06,Cancelada,3/10/22 9:47,3/10/22 9:47,"81,09",3/4/2022,user_2253
Mensal,1,30,2/1/22 9:13,Cancelada,3/1/22 18:33,3/1/22 18:33,"5741,22",3/4/2022,user_3356
Mensal,1,30,2/1/22 10:46,Cancelada,3/10/22 9:45,3/10/22 9:45,"5399,2",3/4/2022,user_2903
Mensal,1,30,2/1/22 12:13,Cancelada,3/10/22 9:36,3/10/22 9:36,"249,81",3/4/2022,user_1988
Mensal,1,30,2/1/22 15:32,Cancelada,3/10/22 9:30,3/10/22 9:30,"303,2",3/4/2022,user_758
Mensal,1,30,2/1/22 19:38,Cancelada,3/10/22 9:43,3/10/22 9:43,"112,71",3/4/2022,user_969
Mensal,1,30,2/1/22 20:33,Cancelada,2/1/22 20:52,2/1/22 20:52,"7,13",3/4/2022,user_2523
Mensal,2,30,2/1/22 11:04,Cancelada,4/10/22 9:53,4/10/22 9:53,"310,21",4/4/2022,user_1519
Mensal,2,30,2/1/22 15:03,Cancelada,4/10/22 9:50,4/10/22 9:50,"4252,62",4/4/2022,user_795
Mensal,2,30,2/1/22 16:45,Cancelada,3/21/22 14:35,3/21/22 14:35,"223,07",4/4/2022,user_3313
Mensal,2,30,3/3/22 19:24,Cancelada,5/10/22 9:31,5/10/22 9:31,"295,21",5/4/2022,user_1989
Mensal,2,30,3/3/22 19:38,Cancelada,5/10/22 9:39,5/10/22 9:39,"36,24",5/4/2022,user_2354
Mensal,1,30,4/3/22 11:23,Cancelada,4/10/22 16:15,4/10/22 16:15,"2791,14",5/4/2022,user_1478
Mensal,1,30,4/3/22 17:10,Cancelada,5/5/22 14:35,5/5/22 14:35,"3172,45",5/4/2022,user_1203
Mensal,1,30,4/3/22 20:43,Cancelada,5/4/22 10:32,5/4/22 10:32,"1684,24",5/4/2022,user_2623
Mensal,1,30,4/3/22 21:46,Cancelada,5/10/22 9:52,5/10/22 9:52,"330,15",5/4/2022,user_1830
Mensal,1,30,4/3/22 22:30,Cancelada,5/10/22 9:41,5/10/22 9:41,"46,83",5/4/2022,user_218
Mensal,1,30,4/3/22 22:50,Cancelada,5/10/22 9:40,5/10/22 9:40,"335,76",5/4/2022,user_331
Mensal,3,30,1/31/22 12:45,Cancelada,5/10/22 9:54,5/10/22 9:54,"2901,11",5/4/2022,user_3649
Mensal,4,30,1/31/22 21:53,Cancelada,5/10/22 9:33,6/10/22 9:46,"457,49",5/4/2022,user_233
Anual,1,365,5/4/22 15:48,Cancelada,5/8/22 16:48,5/8/22 16:48,"5723,52",04/05/2024,user_1147
Anual,1,365,5/4/22 16:38,Cancelada,5/10/22 14:47,5/10/22 14:47,"113,05",04/05/2024,user_1904
Mensal,1,30,5/4/22 10:47,Cancelada,6/5/22 19:22,6/5/22 19:22,"202,27",6/4/2022,user_3018
Mensal,1,30,5/4/22 13:35,Cancelada,5/12/22 11:01,5/12/22 11:01,"358,59",6/4/2022,user_1855
Mensal,1,30,5/4/22 15:44,Cancelada,5/5/22 9:53,5/5/22 9:53,"488,22",6/4/2022,user_3385
Mensal,1,30,5/4/22 16:17,Cancelada,6/4/22 10:30,6/4/22 10:30,"481,55",6/4/2022,user_2631
Mensal,1,30,5/4/22 17:56,Cancelada,5/17/22 19:44,5/17/22 19:44,"417,82",6/4/2022,user_3192
Mensal,1,30,5/4/22 22:12,Cancelada,6/10/22 9:46,6/10/22 9:46,"401,49",6/4/2022,user_1898
Mensal,1,30,5/4/22 22:25,Cancelada,6/10/22 9:31,6/10/22 9:31,"79,9",6/4/2022,user_3657
Mensal,4,30,1/31/22 10:50,Cancelada,5/31/22 19:02,5/31/22 19:02,"237,62",6/4/2022,user_1883
Mensal,2,30,5/3/22 14:09,Cancelada,7/4/22 10:30,7/4/22 10:30,"2398,87",7/4/2022,user_2151
Mensal,2,30,5/3/22 22:26,Cancelada,6/30/22 16:53,6/30/22 16:53,"4078,29",7/4/2022,user_3404
Mensal,2,30,5/3/22 22:54,Cancelada,7/10/22 9:33,7/10/22 9:33,"487,55",7/4/2022,user_1907
Mensal,1,30,6/3/22 21:49,Cancelada,7/10/22 9:40,7/10/22 9:40,"423,21",7/4/2022,user_2057
Mensal,5,30,1/30/22 21:13,Cancelada,7/10/22 9:50,7/10/22 9:50,"67,13",7/4/2022,user_3074
Mensal,2,30,6/3/22 14:39,Cancelada,8/10/22 10:35,8/10/22 10:35,"273,06",8/4/2022,user_3294
Mensal,6,30,3/4/22 20:53,Cancelada,8/4/22 10:10,8/4/22 10:09,"160,94",9/4/2022,user_1743
Mensal,7,30,3/1/22 20:35,Cancelada,10/10/22 9:42,10/10/22 9:42,"440,78",10/4/2022,user_738
Anual,1,365,1/4/22 12:36,Cancelada,1/11/22 21:56,1/11/22 21:56,"357,12",05/01/2024,user_3232
Mensal,1,30,1/5/22 9:50,Cancelada,2/11/22 9:46,2/11/22 9:46,"2197,95",2/5/2022,user_2753
Mensal,1,30,1/5/22 10:15,Cancelada,1/16/22 22:01,1/16/22 22:01,"183,74",2/5/2022,user_2238
Mensal,1,30,1/5/22 10:31,Cancelada,1/7/22 1:21,1/6/22 18:06,"84,11",2/5/2022,user_1462
Mensal,1,30,1/5/22 11:17,Cancelada,2/11/22 9:33,2/11/22 9:33,"276,48",2/5/2022,user_1368
Mensal,1,30,1/5/22 13:27,Cancelada,2/11/22 9:32,2/11/22 9:32,"435,65",2/5/2022,user_2758
Mensal,1,30,1/5/22 21:18,Cancelada,2/11/22 9:45,2/11/22 9:45,"992,9",2/5/2022,user_3164
Mensal,1,30,1/5/22 22:10,Cancelada,2/11/22 9:33,2/11/22 9:33,"235,73",2/5/2022,user_922
Mensal,1,30,1/5/22 22:35,Cancelada,2/3/22 9:05,2/3/22 9:05,"5664,19",2/5/2022,user_123
Anual,1,365,2/4/22 9:23,Cancelada,2/9/22 15:16,2/9/22 15:16,"188,37",05/02/2024,user_131
Anual,1,360,2/5/22 14:56,Cancelada,2/11/22 10:54,2/11/22 10:53,"1523,65",05/02/2024,user_2107
Mensal,2,30,1/2/22 14:58,Cancelada,3/6/22 14:26,3/6/22 14:26,"50,55",3/5/2022,user_3571
Mensal,2,30,1/2/22 20:15,Cancelada,2/9/22 20:23,2/9/22 20:23,"304,84",3/5/2022,user_2464
Mensal,2,30,1/2/22 20:39,Cancelada,3/11/22 9:40,3/11/22 9:40,"230,91",3/5/2022,user_1525
Mensal,1,30,2/2/22 8:47,Cancelada,3/11/22 9:48,3/11/22 9:48,"4491,64",3/5/2022,user_2317
Mensal,1,30,2/2/22 12:05,Cancelada,2/16/22 10:33,2/16/22 10:33,"373,79",3/5/2022,user_2993
Mensal,1,30,2/2/22 12:52,Cancelada,3/11/22 9:46,3/11/22 9:46,"304,54",3/5/2022,user_3205
Mensal,1,30,2/2/22 14:14,Cancelada,3/6/22 9:14,3/6/22 9:14,"1765,5",3/5/2022,user_1387
Mensal,1,30,2/2/22 16:03,Cancelada,2/23/22 11:21,2/23/22 11:21,"4504,59",3/5/2022,user_1327
Mensal,1,30,2/2/22 16:18,Cancelada,2/7/22 10:56,2/7/22 10:56,"3790,62",3/5/2022,user_858
Mensal,1,30,2/2/22 21:20,Cancelada,3/11/22 9:51,3/11/22 9:51,"1116,56",3/5/2022,user_614
Mensal,1,30,2/2/22 21:40,Cancelada,3/11/22 9:58,3/11/22 9:58,"170,18",3/5/2022,user_2236
Mensal,1,30,1/31/22 10:24,Cancelada,3/11/22 9:31,3/11/22 9:31,"58,53",3/5/2022,user_2761
Mensal,2,30,2/2/22 9:48,Cancelada,3/20/22 16:57,3/20/22 16:57,"54,84",4/5/2022,user_3518
Mensal,2,30,2/2/22 11:43,Cancelada,3/24/22 11:38,3/24/22 11:38,"247,99",4/5/2022,user_1253
Mensal,2,30,2/2/22 14:54,Cancelada,4/11/22 9:56,4/11/22 9:56,"384,52",4/5/2022,user_1084
Mensal,1,30,3/5/22 11:49,Cancelada,4/11/22 9:56,4/11/22 9:56,"3097,38",4/5/2022,user_956
Mensal,1,30,3/5/22 12:07,Cancelada,4/11/22 9:50,4/11/22 9:50,"1830,28",4/5/2022,user_2822
Mensal,1,30,3/5/22 13:26,Cancelada,4/11/22 9:42,4/11/22 9:42,"134,35",4/5/2022,user_1681
Mensal,1,30,3/5/22 14:21,Cancelada,3/30/22 18:05,3/30/22 18:05,"162,93",4/5/2022,user_1991
Mensal,1,30,3/5/22 14:53,Cancelada,4/11/22 9:47,4/11/22 9:47,"1421,46",4/5/2022,user_109
Mensal,1,30,3/5/22 20:11,Cancelada,4/11/22 9:52,4/11/22 9:52,"478,07",4/5/2022,user_3364
Mensal,3,30,2/1/22 12:59,Cancelada,4/5/22 18:04,4/5/22 18:04,"4184,29",5/5/2022,user_3565
Mensal,3,30,2/1/22 21:15,Cancelada,5/5/22 10:30,5/5/22 10:30,"1362,77",5/5/2022,user_2970
Mensal,1,30,4/4/22 10:05,Cancelada,5/9/22 17:15,5/9/22 17:15,"317,84",5/5/2022,user_347
Mensal,1,30,4/4/22 13:24,Cancelada,5/5/22 16:43,5/5/22 16:43,"126,82",5/5/2022,user_2971
Mensal,1,30,4/4/22 19:29,Cancelada,5/5/22 16:35,5/5/22 16:35,"99,85",5/5/2022,user_1786
Anual,1,365,5/5/22 18:10,Cancelada,5/9/22 15:53,5/9/22 15:53,"978,79",05/05/2024,user_3577
Mensal,3,30,3/4/22 10:42,Cancelada,6/11/22 9:34,6/11/22 9:34,"283,72",6/5/2022,user_1398
Mensal,3,30,3/5/22 17:04,Cancelada,5/31/22 19:06,5/31/22 19:06,"283,33",6/5/2022,user_1093
Mensal,1,30,5/5/22 14:26,Cancelada,6/11/22 9:45,6/11/22 9:45,"274,13",6/5/2022,user_2071
Mensal,4,30,3/3/22 13:35,Cancelada,7/10/22 14:25,7/10/22 14:25,"1787,82",7/5/2022,user_644
Mensal,4,30,3/3/22 14:43,Cancelada,7/11/22 9:46,7/11/22 9:46,"5769,64",7/5/2022,user_3293
Mensal,3,30,4/3/22 22:05,Cancelada,7/11/22 9:43,7/11/22 9:43,"224,85",7/5/2022,user_572
Mensal,2,30,5/4/22 14:18,Cancelada,7/11/22 9:31,7/11/22 9:31,"146,51",7/5/2022,user_647
Mensal,1,30,6/4/22 19:36,Cancelada,6/5/22 18:51,6/5/22 18:51,"146,44",7/5/2022,user_2488
Mensal,5,30,1/31/22 10:39,Cancelada,7/5/22 10:30,7/5/22 10:30,"1452,26",7/5/2022,user_2644
Anual,1,365,7/5/22 13:45,Cancelada,7/11/22 18:29,7/11/22 18:29,"465,15",05/07/2024,user_238
Mensal,5,30,3/3/22 11:12,Cancelada,8/11/22 9:40,8/11/22 9:40,"5065,41",8/5/2022,user_694
Mensal,5,30,3/3/22 16:39,Cancelada,7/11/22 10:40,7/11/22 10:40,"375,27",8/5/2022,user_762
Mensal,2,30,6/5/22 13:48,Cancelada,8/3/22 17:25,8/3/22 17:25,"323,09",8/5/2022,user_2546
Mensal,1,30,7/5/22 7:43,Cancelada,8/11/22 9:30,8/11/22 9:30,"4571,56",8/5/2022,user_1468
Mensal,1,30,7/5/22 17:11,Cancelada,8/11/22 10:09,8/11/22 10:09,"144,7",8/5/2022,user_2997
Mensal,1,30,7/5/22 20:56,Cancelada,7/11/22 18:18,7/11/22 18:18,"359,93",8/5/2022,user_424
Mensal,1,30,7/5/22 21:02,Cancelada,8/11/22 9:49,8/11/22 9:49,"1037,71",8/5/2022,user_745
Mensal,8,30,1/4/22 21:44,Cancelada,8/5/22 10:06,8/5/22 10:05,"483,19",9/5/2022,user_2133
Mensal,2,30,7/5/22 14:41,Cancelada,9/11/22 10:27,9/11/22 10:27,"114,24",9/5/2022,user_2306
Mensal,7,30,3/2/22 21:21,Cancelada,10/9/22 11:01,10/9/22 11:01,"197,08",10/5/2022,user_3385
Mensal,2,30,8/4/22 18:38,Cancelada,10/9/22 11:02,10/9/22 11:02,"95,13",10/5/2022,user_2931
Mensal,1,30,9/4/22 10:41,Cancelada,9/11/22 11:03,9/11/22 11:03,"485,72",10/5/2022,user_3410
Mensal,1,30,9/4/22 20:42,Cancelada,10/9/22 15:30,10/9/22 15:30,"342,25",10/5/2022,user_401
Mensal,5,30,4/14/22 15:45,Cancelada,10/11/22 9:49,10/11/22 9:49,"385,44",10/5/2022,user_3669
Mensal,1,30,8/28/22 19:54,Cancelada,10/5/22 10:32,10/5/22 10:32,"2014,13",10/5/2022,user_300
Mensal,4,30,7/4/22 9:31,Cancelada,11/11/22 9:49,11/11/22 9:49,"5249,05",11/5/2022,user_1381
Mensal,2,30,9/4/22 18:35,Cancelada,11/5/22 10:30,11/5/22 10:30,"46,69",11/5/2022,user_2910
Mensal,1,30,10/5/22 15:16,Cancelada,11/11/22 9:32,11/11/22 9:32,"228,2",11/5/2022,user_1511
Anual,1,365,1/5/22 6:07,Cancelada,1/24/22 18:14,1/24/22 18:14,"1216,78",06/01/2024,user_2853
Anual,1,365,1/5/22 10:19,Cancelada,1/25/22 9:41,1/25/22 9:41,"4792,14",06/01/2024,user_2301
Mensal,1,30,1/6/22 3:11,Cancelada,1/22/22 18:20,1/22/22 18:20,"3087,75",2/6/2022,user_482
Mensal,1,30,1/6/22 8:26,Cancelada,2/12/22 9:45,2/12/22 9:45,"157,73",2/6/2022,user_693
Mensal,1,30,1/6/22 9:39,Cancelada,2/12/22 9:46,2/12/22 9:46,"119,19",2/6/2022,user_2040
Mensal,1,30,1/6/22 10:22,Cancelada,2/12/22 9:35,2/12/22 9:35,"456,64",2/6/2022,user_2690
Mensal,1,30,1/6/22 11:01,Cancelada,2/12/22 9:45,2/12/22 9:45,"328,42",2/6/2022,user_965
Mensal,1,30,1/6/22 12:00,Cancelada,2/11/22 14:01,2/11/22 14:01,"2969,83",2/6/2022,user_1951
Mensal,1,30,1/6/22 12:09,Cancelada,2/12/22 9:43,2/12/22 9:43,"102,39",2/6/2022,user_3641
Mensal,1,30,1/6/22 12:47,Cancelada,2/12/22 9:33,2/12/22 9:33,"205,6",2/6/2022,user_3489
Mensal,1,30,1/6/22 13:04,Cancelada,1/23/22 19:59,1/23/22 19:59,"439,18",2/6/2022,user_2082
Mensal,1,30,1/6/22 14:50,Cancelada,2/12/22 9:34,2/12/22 9:34,"4115,83",2/6/2022,user_1451
Mensal,1,30,1/6/22 15:46,Cancelada,1/21/22 16:04,1/21/22 16:04,"420,25",2/6/2022,user_3237
Mensal,1,30,1/6/22 17:58,Cancelada,1/17/22 15:18,1/17/22 15:18,"1973,72",2/6/2022,user_375
Mensal,1,30,1/6/22 17:59,Cancelada,1/13/22 17:22,1/13/22 17:22,"81,04",2/6/2022,user_1153
Mensal,1,30,1/6/22 18:17,Cancelada,2/12/22 9:45,2/12/22 9:45,"5974,28",2/6/2022,user_1369
Mensal,1,30,1/6/22 18:42,Cancelada,2/12/22 9:42,2/12/22 9:42,"458,17",2/6/2022,user_3680
Mensal,1,30,1/6/22 21:46,Cancelada,1/28/22 8:20,1/28/22 8:20,"158,82",2/6/2022,user_3031
Mensal,1,30,1/6/22 23:12,Cancelada,2/12/22 9:39,2/12/22 9:39,"410,5",2/6/2022,user_1852
Mensal,2,30,1/3/22 8:38,Cancelada,2/18/22 10:50,2/18/22 10:50,"5327,19",3/6/2022,user_1991
Mensal,2,30,1/3/22 14:04,Cancelada,2/27/22 6:48,2/27/22 6:48,"1187,45",3/6/2022,user_1220
Mensal,2,30,1/3/22 22:46,Cancelada,2/5/22 9:10,2/5/22 9:10,"421,46",3/6/2022,user_1680
Mensal,1,30,2/3/22 6:14,Cancelada,3/12/22 9:49,3/12/22 9:49,"5744,93",3/6/2022,user_1580
Mensal,1,30,2/3/22 11:22,Cancelada,2/7/22 17:13,2/7/22 17:13,"24,35",3/6/2022,user_2302
Mensal,1,30,2/3/22 12:52,Cancelada,2/9/22 18:58,2/9/22 18:58,"301,47",3/6/2022,user_3548
Mensal,1,30,2/3/22 14:26,Cancelada,3/12/22 9:42,3/12/22 9:42,"139,03",3/6/2022,user_2251
Mensal,2,30,1/6/22 20:32,Cancelada,2/18/22 14:43,2/18/22 14:43,"153,77",3/6/2022,user_901
Mensal,3,30,1/3/22 9:53,Cancelada,3/13/22 17:19,3/13/22 17:19,"3720,76",4/6/2022,user_3369
Mensal,2,30,2/3/22 22:13,Cancelada,3/6/22 10:00,3/6/22 10:00,"74,19",4/6/2022,user_2697
Mensal,1,30,3/6/22 8:06,Cancelada,4/12/22 9:53,4/12/22 9:53,"363,12",4/6/2022,user_2179
Mensal,1,30,3/6/22 10:26,Cancelada,4/4/22 16:17,4/4/22 16:17,"171,11",4/6/2022,user_2317
Mensal,1,30,3/6/22 12:33,Cancelada,3/8/22 16:16,3/8/22 16:16,"189,53",4/6/2022,user_660
Mensal,1,30,3/6/22 16:26,Cancelada,4/6/22 12:57,4/6/22 12:57,"304,09",4/6/2022,user_1744
Mensal,1,30,3/6/22 17:15,Cancelada,3/20/22 9:42,3/20/22 9:42,"4690,34",4/6/2022,user_535
Mensal,1,30,3/6/22 17:43,Cancelada,4/12/22 9:53,4/12/22 9:53,"136,67",4/6/2022,user_3571
Mensal,1,30,3/6/22 20:42,Cancelada,4/12/22 9:47,4/12/22 9:47,"5166,74",4/6/2022,user_3256
Mensal,4,30,1/2/22 10:44,Cancelada,5/11/22 16:40,5/11/22 16:40,"300,64",5/6/2022,user_3521
Mensal,1,30,4/5/22 8:09,Cancelada,5/12/22 9:40,5/12/22 9:40,"266,17",5/6/2022,user_3543
Mensal,1,30,4/5/22 9:56,Cancelada,4/11/22 19:01,4/11/22 19:01,158,5/6/2022,user_3115
Mensal,1,30,4/5/22 13:46,Cancelada,5/12/22 9:39,5/12/22 9:39,"484,6",5/6/2022,user_1183
Mensal,1,30,4/5/22 17:19,Cancelada,5/6/22 10:30,5/6/22 10:30,"339,32",5/6/2022,user_557
Mensal,4,30,2/2/22 17:27,Cancelada,6/12/22 9:38,6/12/22 9:38,"354,14",6/6/2022,user_925
Mensal,2,30,4/5/22 13:50,Cancelada,6/2/22 18:51,6/2/22 18:51,"187,77",6/6/2022,user_960
Mensal,1,30,5/6/22 1:04,Cancelada,6/14/22 9:31,6/14/22 9:31,"223,94",6/6/2022,user_1989
Mensal,1,30,5/6/22 16:26,Cancelada,6/12/22 9:52,6/12/22 9:52,"5882,91",6/6/2022,user_2421
Mensal,2,30,5/5/22 9:09,Cancelada,7/6/22 10:30,7/6/22 10:30,"4437,8",7/6/2022,user_1321
Mensal,2,30,5/5/22 13:17,Cancelada,7/11/22 16:28,7/11/22 16:28,"238,4",7/6/2022,user_622
Mensal,2,30,5/5/22 15:33,Cancelada,7/12/22 10:04,7/12/22 10:04,"5780,82",7/6/2022,user_3005
Mensal,1,30,6/5/22 16:36,Cancelada,7/3/22 18:22,7/3/22 18:22,"176,52",7/6/2022,user_2658
Mensal,1,30,6/5/22 19:35,Cancelada,7/12/22 9:54,7/12/22 9:54,"3580,81",7/6/2022,user_3206
Mensal,1,30,5/29/22 9:38,Cancelada,6/6/22 10:01,6/6/22 10:01,"416,49",7/6/2022,user_276
Mensal,1,30,5/29/22 11:50,Cancelada,7/10/22 15:03,7/10/22 15:03,"169,08",7/6/2022,user_1812
Mensal,2,30,6/5/22 17:30,Cancelada,8/6/22 10:30,8/6/22 10:30,"213,73",8/6/2022,user_1782
Mensal,1,30,7/6/22 2:15,Cancelada,8/12/22 9:34,8/12/22 9:34,"61,18",8/6/2022,user_2263
Mensal,1,30,7/6/22 11:30,Cancelada,8/6/22 10:30,8/6/22 10:30,"281,17",8/6/2022,user_3555
Mensal,1,30,7/6/22 12:14,Cancelada,7/13/22 19:08,7/13/22 19:08,"72,73",8/6/2022,user_2030
Mensal,1,30,7/6/22 12:26,Cancelada,8/6/22 10:30,8/6/22 10:30,"384,89",8/6/2022,user_447
Mensal,4,30,5/5/22 9:56,Cancelada,9/6/22 10:33,9/6/22 10:33,"154,43",9/6/2022,user_347
Mensal,3,30,6/5/22 17:01,Cancelada,9/14/22 9:42,9/14/22 9:42,"147,04",9/6/2022,user_1457
Mensal,4,30,6/4/22 20:44,Cancelada,10/6/22 10:32,10/6/22 10:32,"243,14",10/6/2022,user_2322
Mensal,3,30,7/5/22 8:22,Cancelada,10/12/22 10:14,10/12/22 10:14,"1642,76",10/6/2022,user_3391
Mensal,1,30,9/5/22 6:24,Cancelada,10/12/22 9:32,10/12/22 9:32,"175,14",10/6/2022,user_590
Mensal,1,30,9/5/22 13:34,Cancelada,10/12/22 9:53,10/12/22 9:53,"370,12",10/6/2022,user_2935
Mensal,6,30,4/6/22 13:39,Cancelada,9/6/22 10:19,9/6/22 10:19,"477,56",10/6/2022,user_1238
Mensal,8,30,1/31/22 15:13,Cancelada,10/6/22 10:32,10/6/22 10:32,"389,29",10/6/2022,user_21
Mensal,2,30,9/5/22 16:06,Cancelada,11/6/22 10:31,11/6/22 10:31,"5298,47",11/6/2022,user_3139
Mensal,1,30,10/6/22 22:30,Cancelada,11/12/22 10:09,11/12/22 10:09,"3546,16",11/6/2022,user_2205
Mensal,7,30,5/3/22 16:26,Cancelada,11/7/22 10:17,11/7/22 10:17,"407,08",12/6/2022,user_2267
Mensal,1,30,11/5/22 0:00,Cancelada,11/7/22 10:10,11/7/22 10:10,"461,38",12/6/2022,user_2084
Anual,1,365,1/6/22 13:42,Cancelada,2/15/22 16:32,2/15/22 16:32,"214,73",07/01/2024,user_700
Mensal,1,30,1/7/22 12:09,Cancelada,2/13/22 9:49,2/13/22 9:49,"954,88",2/7/2022,user_2452
Mensal,1,30,1/7/22 15:05,Cancelada,2/1/22 15:06,2/1/22 15:06,"147,09",2/7/2022,user_468
Mensal,1,30,1/7/22 15:46,Cancelada,1/8/22 22:23,1/8/22 22:23,"1645,77",2/7/2022,user_1602
Mensal,1,30,1/7/22 17:56,Cancelada,2/13/22 9:40,2/13/22 9:40,"221,44",2/7/2022,user_1476
Mensal,1,30,1/7/22 18:29,Cancelada,1/23/22 16:27,1/23/22 16:27,"48,23",2/7/2022,user_3129
Mensal,1,30,1/7/22 19:55,Cancelada,2/13/22 9:40,2/13/22 9:40,"458,77",2/7/2022,user_3281
Mensal,1,30,1/7/22 22:32,Cancelada,1/27/22 16:30,1/27/22 16:30,415,2/7/2022,user_952
Mensal,1,30,1/7/22 22:55,Cancelada,2/7/22 9:41,2/7/22 9:41,"5184,35",2/7/2022,user_2372
Anual,1,365,1/28/22 18:30,Cancelada,3/2/22 12:30,3/2/22 12:30,"2962,64",07/02/2024,user_923
Mensal,2,30,1/4/22 11:42,Cancelada,3/2/22 8:28,3/2/22 8:28,4831,3/7/2022,user_896
Mensal,1,30,2/4/22 11:22,Cancelada,2/12/22 19:27,2/12/22 19:27,"493,72",3/7/2022,user_269
Mensal,1,30,2/4/22 15:40,Cancelada,3/13/22 9:48,3/13/22 9:48,"362,11",3/7/2022,user_643
Mensal,1,30,2/6/22 23:47,Cancelada,2/28/22 13:03,2/28/22 13:03,"1116,78",3/7/2022,user_3469
Mensal,1,30,2/3/22 21:36,Cancelada,4/3/22 15:47,4/3/22 15:47,"3662,94",4/7/2022,user_122
Mensal,3,30,1/4/22 15:46,Cancelada,4/13/22 9:35,4/13/22 9:35,"361,13",4/7/2022,user_3591
Mensal,2,30,2/4/22 18:21,Cancelada,4/13/22 9:34,4/13/22 9:34,"886,85",4/7/2022,user_3684
Mensal,1,30,3/7/22 1:14,Cancelada,4/15/22 9:50,4/15/22 9:50,"227,08",4/7/2022,user_1614
Mensal,1,30,3/7/22 9:06,Cancelada,3/8/22 13:39,3/8/22 13:39,"2597,91",4/7/2022,user_634
Mensal,1,30,3/7/22 10:46,Cancelada,3/8/22 21:46,3/8/22 21:46,"4430,98",4/7/2022,user_3124
Mensal,1,30,3/7/22 17:15,Cancelada,3/9/22 22:03,3/9/22 22:03,"331,09",4/7/2022,user_2747
Mensal,4,30,1/3/22 9:04,Cancelada,5/7/22 10:30,5/7/22 10:30,"352,85",5/7/2022,user_2625
Mensal,4,30,1/3/22 15:49,Cancelada,5/13/22 9:53,5/13/22 9:53,"4556,7",5/7/2022,user_1384
Mensal,4,30,1/3/22 20:04,Cancelada,4/12/22 11:52,4/12/22 11:52,"181,13",5/7/2022,user_148
Mensal,3,30,2/3/22 15:45,Cancelada,5/13/22 9:44,5/13/22 9:44,"98,23",5/7/2022,user_1309
Mensal,2,30,3/6/22 19:25,Cancelada,4/13/22 18:49,4/13/22 18:49,"276,95",5/7/2022,user_794
Mensal,1,30,4/6/22 1:47,Cancelada,5/13/22 9:43,5/13/22 9:43,"705,15",5/7/2022,user_2033
Mensal,1,30,4/6/22 14:11,Cancelada,5/13/22 9:42,5/13/22 9:42,"255,2",5/7/2022,user_1713
Mensal,1,30,4/6/22 15:39,Cancelada,5/13/22 9:52,5/13/22 9:52,"468,43",5/7/2022,user_1764
Mensal,1,30,5/7/22 22:35,Cancelada,6/13/22 9:44,6/13/22 9:44,"1371,71",6/7/2022,user_1455
Anual,1,365,6/7/22 21:52,Cancelada,6/12/22 17:30,6/12/22 17:30,"33,07",07/06/2024,user_48
Mensal,5,30,2/2/22 10:31,Cancelada,7/13/22 10:09,7/13/22 10:09,"110,23",7/7/2022,user_1829
Mensal,5,30,2/2/22 12:29,Cancelada,7/7/22 10:30,7/7/22 10:30,"1195,37",7/7/2022,user_1380
Mensal,3,30,4/5/22 18:47,Cancelada,7/13/22 9:55,7/13/22 9:55,"430,82",7/7/2022,user_2109
Mensal,2,30,5/6/22 10:11,Cancelada,7/7/22 10:30,7/7/22 10:30,"4638,5",7/7/2022,user_2949
Mensal,1,30,6/6/22 8:04,Cancelada,7/7/22 10:30,7/7/22 10:30,"388,17",7/7/2022,user_698
Mensal,2,30,6/6/22 14:49,Cancelada,8/7/22 10:30,8/7/22 10:30,"101,19",8/7/2022,user_1229
Mensal,2,30,6/7/22 16:46,Cancelada,8/4/22 17:15,8/4/22 17:15,"837,03",8/7/2022,user_3331
Mensal,1,30,7/7/22 10:50,Cancelada,7/17/22 17:58,7/17/22 17:58,"366,41",8/7/2022,user_914
Mensal,2,30,5/23/22 17:26,Cancelada,8/7/22 10:30,8/7/22 10:30,"319,81",8/7/2022,user_1784
Mensal,5,30,4/5/22 14:36,Cancelada,9/13/22 9:53,9/13/22 9:53,"68,56",9/7/2022,user_2424
Mensal,4,30,5/6/22 10:34,Cancelada,9/7/22 10:31,9/7/22 10:31,"5843,36",9/7/2022,user_1716
Mensal,8,30,2/1/22 23:09,Cancelada,10/7/22 10:35,10/7/22 10:35,"453,94",10/7/2022,user_1456
Mensal,2,30,8/6/22 9:27,Cancelada,10/13/22 10:39,10/13/22 10:39,"812,11",10/7/2022,user_2738
Mensal,2,30,8/6/22 15:26,Cancelada,10/7/22 10:35,10/7/22 10:35,"71,68",10/7/2022,user_3658
Mensal,1,30,9/6/22 10:08,Cancelada,10/13/22 10:48,10/13/22 10:48,"445,32",10/7/2022,user_3327
Mensal,3,30,6/29/22 11:46,Cancelada,10/7/22 10:35,10/7/22 10:35,"0,69",10/7/2022,user_1647
Mensal,2,30,7/30/22 21:31,Cancelada,10/13/22 10:28,10/13/22 10:28,"3159,5",10/7/2022,user_531
Mensal,7,30,4/4/22 17:34,Cancelada,10/9/22 15:38,10/9/22 15:38,"279,21",11/7/2022,user_2803
Mensal,3,30,8/6/22 15:33,Cancelada,11/13/22 10:01,11/13/22 10:01,"3186,62",11/7/2022,user_886
Mensal,3,30,8/6/22 16:43,Cancelada,11/13/22 9:43,11/13/22 9:43,"102,07",11/7/2022,user_3552
Anual,1,365,1/7/22 12:30,Cancelada,4/14/22 19:31,4/14/22 19:31,"9,56",08/01/2024,user_286
Mensal,1,30,1/8/22 10:53,Cancelada,2/14/22 9:34,2/14/22 9:34,"174,32",2/8/2022,user_2703
Mensal,1,30,1/8/22 12:55,Cancelada,2/14/22 9:46,2/14/22 9:46,"3120,49",2/8/2022,user_1722
Mensal,1,30,1/8/22 13:53,Cancelada,2/14/22 9:37,2/14/22 9:37,"120,78",2/8/2022,user_866
Mensal,1,30,1/8/22 14:47,Cancelada,1/12/22 13:41,1/12/22 13:41,"91,64",2/8/2022,user_1135
Mensal,1,30,1/8/22 15:47,Cancelada,1/14/22 11:11,1/14/22 11:11,"5469,28",2/8/2022,user_3349
Mensal,1,30,1/8/22 18:17,Cancelada,2/14/22 9:51,2/14/22 9:51,"4995,53",2/8/2022,user_590
Mensal,1,30,1/8/22 19:10,Cancelada,2/14/22 9:31,2/14/22 9:31,147,2/8/2022,user_1675
Anual,1,365,2/7/22 14:53,Cancelada,3/28/22 11:23,3/28/22 11:23,"151,23",08/02/2024,user_2596
Mensal,2,30,1/5/22 10:12,Cancelada,2/6/22 10:06,2/6/22 10:06,"174,33",3/8/2022,user_3233
Mensal,2,30,1/5/22 11:41,Cancelada,3/14/22 9:32,3/14/22 9:32,"95,58",3/8/2022,user_1358
Mensal,2,30,1/5/22 18:11,Cancelada,3/14/22 9:34,3/14/22 9:34,"1062,03",3/8/2022,user_2736
Mensal,1,30,2/5/22 0:11,Cancelada,2/5/22 22:27,2/5/22 22:27,"444,75",3/8/2022,user_1159
Mensal,1,30,2/5/22 21:27,Cancelada,3/14/22 9:32,3/14/22 9:32,"1659,9",3/8/2022,user_2633
Mensal,1,30,2/5/22 22:53,Cancelada,3/14/22 9:47,3/14/22 9:47,"1185,11",3/8/2022,user_922
Mensal,1,30,2/5/22 23:26,Cancelada,3/14/22 9:50,3/14/22 9:50,"5623,76",3/8/2022,user_2952
Mensal,3,30,1/5/22 18:44,Cancelada,3/8/22 9:57,3/8/22 9:57,"1831,6",4/8/2022,user_1588
Mensal,3,30,1/5/22 21:55,Cancelada,4/14/22 9:34,4/14/22 9:34,"489,83",4/8/2022,user_2143
Mensal,2,30,2/5/22 7:34,Cancelada,4/14/22 9:40,4/14/22 9:40,"2227,72",4/8/2022,user_937
Mensal,2,30,2/5/22 13:02,Cancelada,4/14/22 9:40,4/14/22 9:40,"211,53",4/8/2022,user_1275
Mensal,1,30,3/8/22 7:42,Cancelada,4/3/22 10:29,4/3/22 10:29,"171,31",4/8/2022,user_2909
Mensal,1,30,3/8/22 10:44,Cancelada,4/14/22 9:32,4/14/22 9:32,"224,65",4/8/2022,user_298
Mensal,1,30,3/8/22 12:53,Cancelada,3/8/22 13:07,3/8/22 13:07,"4626,46",4/8/2022,user_3623
Mensal,1,30,3/8/22 16:01,Cancelada,3/27/22 12:22,3/27/22 12:22,"5437,39",4/8/2022,user_3114
Mensal,1,30,3/8/22 21:55,Cancelada,3/30/22 18:07,3/30/22 18:07,"111,07",4/8/2022,user_761
Mensal,3,30,2/4/22 11:08,Cancelada,4/10/22 19:12,4/10/22 19:12,"3150,96",5/8/2022,user_2136
Mensal,3,30,2/4/22 12:25,Cancelada,5/8/22 10:30,5/8/22 10:30,"1197,58",5/8/2022,user_915
Mensal,3,30,2/4/22 12:34,Cancelada,4/13/22 18:50,4/13/22 18:50,"2477,7",5/8/2022,user_927
Mensal,2,30,3/7/22 14:22,Cancelada,5/14/22 9:46,5/14/22 9:46,"39,24",5/8/2022,user_1970
Mensal,2,30,3/7/22 20:50,Cancelada,5/14/22 9:39,5/14/22 9:39,"13,5",5/8/2022,user_3684
Mensal,1,30,4/7/22 11:36,Cancelada,5/8/22 10:30,5/8/22 10:30,"249,73",5/8/2022,user_2807
Mensal,1,30,4/7/22 21:15,Cancelada,5/14/22 9:45,5/14/22 9:45,"179,55",5/8/2022,user_3250
Mensal,5,30,1/4/22 9:02,Cancelada,6/6/22 16:48,6/6/22 16:48,"967,86",6/8/2022,user_2362
Mensal,3,30,3/7/22 16:28,Cancelada,6/14/22 9:31,6/14/22 9:31,"456,08",6/8/2022,user_3446
Mensal,2,30,4/7/22 20:36,Cancelada,6/8/22 10:30,6/8/22 10:30,"399,93",6/8/2022,user_245
Mensal,2,30,4/7/22 23:44,Cancelada,6/8/22 10:30,6/8/22 10:30,"4615,48",6/8/2022,user_1868
Mensal,1,30,5/8/22 15:06,Cancelada,6/14/22 9:32,6/14/22 9:32,"5965,4",6/8/2022,user_657
Mensal,1,30,5/8/22 15:38,Cancelada,6/8/22 10:30,6/8/22 10:30,"4829,36",6/8/2022,user_3211
Mensal,1,30,5/8/22 21:46,Cancelada,6/7/22 19:22,6/7/22 19:22,"3646,23",6/8/2022,user_3354
Mensal,1,30,5/8/22 23:17,Cancelada,6/14/22 9:36,6/14/22 9:36,"4250,16",6/8/2022,user_100
Mensal,5,30,2/3/22 12:17,Cancelada,7/14/22 10:13,7/14/22 10:13,"495,95",7/8/2022,user_575
Mensal,3,30,4/6/22 14:33,Cancelada,7/8/22 10:30,7/8/22 10:30,"54,78",7/8/2022,user_3584
Mensal,1,30,6/7/22 9:12,Cancelada,6/7/22 19:21,6/7/22 19:21,"645,71",7/8/2022,user_1192
Mensal,1,30,6/7/22 11:31,Cancelada,7/14/22 9:31,7/14/22 9:31,"331,24",7/8/2022,user_3065
Mensal,1,30,6/7/22 16:44,Cancelada,7/14/22 9:42,7/14/22 9:42,"287,7",7/8/2022,user_2937
Mensal,1,30,6/7/22 17:56,Cancelada,7/14/22 9:38,7/14/22 9:38,"2,75",7/8/2022,user_1420
Mensal,1,30,6/7/22 18:49,Cancelada,7/14/22 9:40,7/14/22 9:40,"453,87",7/8/2022,user_637
Mensal,2,30,7/8/22 12:01,Cancelada,9/8/22 10:32,9/8/22 10:32,"343,74",9/8/2022,user_1914
Mensal,2,30,7/8/22 17:59,Cancelada,9/14/22 10:17,9/14/22 10:17,"79,48",9/8/2022,user_2183
Mensal,1,30,8/8/22 0:49,Cancelada,9/14/22 10:16,9/14/22 10:16,"354,04",9/8/2022,user_961
Mensal,1,30,8/8/22 10:20,Cancelada,9/8/22 10:32,9/8/22 10:32,"36,3",9/8/2022,user_3071
Mensal,1,30,8/8/22 12:32,Cancelada,9/14/22 9:54,9/14/22 9:54,"456,87",9/8/2022,user_870
Mensal,1,30,8/8/22 16:50,Cancelada,9/14/22 10:01,9/14/22 10:01,"365,87",9/8/2022,user_1817
Mensal,1,30,8/8/22 21:25,Cancelada,8/18/22 19:36,8/18/22 19:36,"484,81",9/8/2022,user_1710
Mensal,3,30,7/7/22 21:55,Cancelada,10/14/22 9:36,10/14/22 9:36,"483,52",10/8/2022,user_1540
Mensal,1,30,9/7/22 11:02,Cancelada,10/14/22 10:47,10/14/22 10:47,"480,42",10/8/2022,user_720
Mensal,1,30,9/7/22 13:19,Cancelada,10/8/22 10:33,10/8/22 10:33,"454,55",10/8/2022,user_1872
Mensal,1,30,9/7/22 14:41,Cancelada,10/14/22 10:49,10/14/22 10:49,"390,26",10/8/2022,user_1258
Mensal,1,30,9/7/22 16:23,Cancelada,10/8/22 9:30,10/8/22 9:30,"153,3",10/8/2022,user_2209
Mensal,9,30,2/2/22 15:29,Cancelada,11/14/22 9:47,11/14/22 9:47,"121,86",11/8/2022,user_1814
Mensal,1,30,10/8/22 10:35,Cancelada,10/13/22 17:27,10/13/22 17:27,"242,45",11/8/2022,user_3509
Mensal,1,30,11/7/22 10:06,Cancelada,11/16/22 18:47,11/16/22 18:47,"131,4",12/8/2022,user_589
Mensal,1,30,1/8/22 21:54,Cancelada,1/19/22 9:50,1/19/22 9:50,"47,24",2/9/2022,user_2312
Mensal,1,30,1/9/22 7:31,Cancelada,2/15/22 9:46,2/15/22 9:46,"200,42",2/9/2022,user_362
Mensal,1,30,1/9/22 10:21,Cancelada,2/4/22 10:21,2/4/22 10:21,"483,67",2/9/2022,user_971
Mensal,1,30,1/9/22 11:01,Cancelada,2/15/22 9:32,2/15/22 9:32,"196,01",2/9/2022,user_933
Mensal,1,30,1/9/22 11:01,Cancelada,2/15/22 9:33,2/15/22 9:33,"270,97",2/9/2022,user_2770
Mensal,1,30,1/9/22 13:04,Cancelada,2/15/22 9:44,2/15/22 9:44,"346,98",2/9/2022,user_2934
Mensal,1,30,1/9/22 14:05,Cancelada,2/15/22 9:46,2/15/22 9:46,"165,63",2/9/2022,user_1851
Mensal,1,30,1/9/22 14:53,Cancelada,1/14/22 17:38,1/14/22 17:38,"318,98",2/9/2022,user_1493
Mensal,1,30,1/9/22 15:20,Cancelada,2/15/22 9:44,2/15/22 9:44,"235,16",2/9/2022,user_2180
Mensal,1,30,1/9/22 15:40,Cancelada,1/24/22 15:09,1/24/22 15:09,"53,74",2/9/2022,user_1069
Mensal,1,30,1/9/22 16:20,Cancelada,2/15/22 9:51,2/15/22 9:51,"133,32",2/9/2022,user_1552
Mensal,1,30,1/9/22 16:51,Cancelada,1/14/22 21:26,1/14/22 21:26,"245,48",2/9/2022,user_77
Mensal,1,30,1/9/22 17:47,Cancelada,2/11/22 13:53,2/11/22 13:53,"396,88",2/9/2022,user_963
Mensal,1,30,1/9/22 18:40,Cancelada,2/15/22 9:45,2/15/22 9:45,"1036,18",2/9/2022,user_2482
Mensal,1,30,1/9/22 18:58,Cancelada,1/12/22 16:09,1/12/22 16:09,"1387,53",2/9/2022,user_1115
Mensal,1,30,1/9/22 19:14,Cancelada,2/15/22 9:44,2/15/22 9:44,"156,55",2/9/2022,user_3337
Mensal,2,30,1/6/22 14:33,Cancelada,2/17/22 23:28,2/17/22 23:28,"270,3",3/9/2022,user_1637
Mensal,2,30,1/6/22 16:33,Cancelada,2/14/22 12:45,2/14/22 12:45,"228,11",3/9/2022,user_3341
Mensal,2,30,1/6/22 17:27,Cancelada,3/15/22 9:32,3/15/22 9:32,"60,1",3/9/2022,user_3497
Mensal,2,30,1/6/22 18:55,Cancelada,3/17/22 9:39,3/17/22 9:39,"182,52",3/9/2022,user_60
Mensal,1,30,2/6/22 11:27,Cancelada,3/15/22 9:33,3/15/22 9:33,"196,16",3/9/2022,user_2212
Mensal,1,30,2/6/22 13:59,Cancelada,2/11/22 13:33,2/11/22 13:33,"326,71",3/9/2022,user_565
Mensal,1,30,2/6/22 14:03,Cancelada,3/15/22 9:39,3/15/22 9:39,"428,68",3/9/2022,user_3641
Mensal,1,30,2/6/22 15:19,Cancelada,2/24/22 20:23,2/24/22 20:23,"218,79",3/9/2022,user_1512
Mensal,1,30,2/6/22 15:57,Cancelada,2/21/22 17:39,2/21/22 17:39,"285,22",3/9/2022,user_2591
Mensal,1,30,2/6/22 17:48,Cancelada,3/15/22 9:44,3/15/22 9:44,"143,79",3/9/2022,user_1001
Mensal,2,30,1/9/22 13:37,Cancelada,2/13/22 17:18,2/13/22 17:18,"120,88",3/9/2022,user_545
Mensal,3,30,1/6/22 10:16,Cancelada,4/11/22 10:13,4/11/22 10:13,"461,83",4/9/2022,user_2190
Mensal,3,30,1/6/22 12:31,Cancelada,4/15/22 9:39,4/15/22 9:39,"463,99",4/9/2022,user_3586
Mensal,3,30,1/6/22 13:26,Cancelada,3/9/22 13:51,3/9/22 13:51,"392,03",4/9/2022,user_1694
Mensal,3,30,1/6/22 15:13,Cancelada,4/15/22 9:54,4/15/22 9:54,"54,45",4/9/2022,user_2442
Mensal,3,30,1/6/22 16:41,Cancelada,3/15/22 11:37,3/15/22 11:37,"193,07",4/9/2022,user_1974
Mensal,2,30,2/6/22 12:01,Cancelada,3/13/22 13:47,3/13/22 13:47,"167,54",4/9/2022,user_772
Mensal,2,30,1/7/22 8:44,Cancelada,3/6/22 13:29,3/6/22 13:29,"2652,21",3/10/2022,user_2418
Mensal,2,30,1/7/22 11:12,Cancelada,3/16/22 9:51,3/16/22 9:51,"59,01",3/10/2022,user_3290
Mensal,2,30,1/7/22 13:38,Cancelada,3/4/22 11:10,3/4/22 11:10,"139,4",3/10/2022,user_3014
Mensal,1,30,2/7/22 8:42,Cancelada,3/16/22 9:50,3/16/22 9:50,"16,34",3/10/2022,user_2975
Mensal,1,30,2/7/22 9:45,Cancelada,3/8/22 8:53,3/8/22 8:53,"218,89",3/10/2022,user_3624
Mensal,1,30,2/7/22 10:01,Cancelada,3/16/22 9:39,3/16/22 9:39,"174,54",3/10/2022,user_224
Mensal,1,30,2/7/22 10:28,Cancelada,3/16/22 9:34,3/16/22 9:34,"379,09",3/10/2022,user_2453
Mensal,1,30,2/7/22 10:30,Cancelada,3/16/22 9:39,3/16/22 9:39,"191,38",3/10/2022,user_249
Mensal,1,30,2/7/22 10:40,Cancelada,3/16/22 9:52,3/16/22 9:52,"301,38",3/10/2022,user_2576
Mensal,1,30,2/7/22 13:08,Cancelada,3/16/22 9:44,3/16/22 9:44,"380,47",3/10/2022,user_539
Mensal,1,30,2/7/22 14:39,Cancelada,3/16/22 9:37,3/16/22 9:37,"215,06",3/10/2022,user_3450
Mensal,1,30,2/7/22 16:06,Cancelada,3/16/22 9:48,3/16/22 9:48,"426,34",3/10/2022,user_3602
Mensal,1,30,2/7/22 16:47,Cancelada,3/16/22 9:51,3/16/22 9:51,"34,05",3/10/2022,user_3324
Mensal,1,30,2/7/22 19:05,Cancelada,3/16/22 9:30,3/16/22 9:30,"232,46",3/10/2022,user_790
Mensal,1,30,2/7/22 20:33,Cancelada,3/16/22 9:52,3/16/22 9:52,"319,85",3/10/2022,user_2835
Mensal,3,30,1/7/22 21:45,Cancelada,3/14/22 8:24,3/14/22 8:24,"483,34",4/10/2022,user_2720
Mensal,3,30,1/7/22 22:35,Cancelada,4/16/22 9:34,4/16/22 9:34,"63,65",4/10/2022,user_2656
Mensal,2,30,2/7/22 17:43,Cancelada,4/16/22 9:34,4/16/22 9:34,"296,92",4/10/2022,user_2168
Mensal,2,30,2/10/22 9:18,Cancelada,3/23/22 15:51,3/23/22 15:51,"356,5",4/10/2022,user_3030
Mensal,1,30,3/10/22 11:37,Cancelada,3/10/22 12:47,3/10/22 12:47,"139,06",4/10/2022,user_3134
Mensal,1,30,3/10/22 15:23,Cancelada,4/16/22 9:37,4/16/22 9:37,"76,01",4/10/2022,user_2696
Mensal,1,30,3/10/22 16:17,Cancelada,4/16/22 9:33,4/16/22 9:33,"344,06",4/10/2022,user_1874
Anual,1,365,4/4/22 16:14,Cancelada,4/13/22 18:33,4/13/22 18:33,"198,41",10/04/2024,user_1795
Mensal,1,30,4/2/22 14:24,Cancelada,5/16/22 10:01,5/16/22 10:01,"141,42",5/10/2022,user_615
Mensal,4,30,1/6/22 15:02,Cancelada,4/14/22 18:24,4/14/22 18:24,"481,8",5/10/2022,user_678
Mensal,4,30,1/6/22 22:41,Cancelada,5/9/22 15:56,5/9/22 15:56,"478,29",5/10/2022,user_2408
Mensal,3,30,2/6/22 16:34,Cancelada,4/13/22 18:52,4/13/22 18:52,"231,38",5/10/2022,user_656
Mensal,3,30,2/6/22 17:39,Cancelada,5/10/22 10:33,5/10/22 10:33,"342,47",5/10/2022,user_2311
Mensal,2,30,3/9/22 8:41,Cancelada,4/11/22 16:25,4/11/22 16:25,"267,08",5/10/2022,user_3091
Mensal,1,30,4/9/22 3:17,Cancelada,5/10/22 10:02,5/10/22 10:02,"1973,12",5/10/2022,user_2002
Mensal,1,30,4/9/22 17:31,Cancelada,5/16/22 9:30,5/16/22 9:30,"51,63",5/10/2022,user_3603
Mensal,5,30,1/6/22 8:54,Cancelada,6/10/22 10:30,6/10/22 10:30,"212,28",6/10/2022,user_1600
Mensal,3,30,3/9/22 21:50,Cancelada,6/16/22 9:33,6/16/22 9:33,"21,39",6/10/2022,user_2075
Mensal,1,30,5/10/22 11:56,Cancelada,6/16/22 9:31,6/16/22 9:31,"295,49",6/10/2022,user_1163
Mensal,1,30,5/10/22 15:07,Cancelada,6/10/22 10:30,6/10/22 10:30,"14,48",6/10/2022,user_599
Mensal,1,30,6/9/22 8:37,Cancelada,7/10/22 10:30,7/10/22 10:30,"79,73",7/10/2022,user_3333
Mensal,1,30,6/9/22 14:06,Cancelada,7/16/22 9:51,7/16/22 9:51,"113,87",7/10/2022,user_174
Mensal,1,30,6/9/22 19:57,Cancelada,7/16/22 9:43,7/16/22 9:43,"142,67",7/10/2022,user_2017
Mensal,1,30,6/9/22 20:20,Cancelada,7/16/22 9:35,7/16/22 9:35,"271,4",7/10/2022,user_293
Mensal,2,30,6/9/22 1:30,Cancelada,8/14/22 10:35,8/14/22 10:35,"286,13",8/10/2022,user_2
Mensal,2,30,6/9/22 9:19,Cancelada,8/16/22 10:08,8/16/22 10:08,"359,81",8/10/2022,user_905
Mensal,2,30,6/9/22 12:03,Cancelada,8/16/22 10:20,8/16/22 10:20,"229,42",8/10/2022,user_1487
Mensal,2,30,6/9/22 16:29,Cancelada,8/10/22 10:32,8/10/22 10:32,"186,77",8/10/2022,user_3455
Mensal,1,30,7/10/22 16:44,Cancelada,8/10/22 10:32,8/10/22 10:32,"175,95",8/10/2022,user_1842
Anual,1,365,8/10/22 20:08,Cancelada,8/18/22 20:00,8/18/22 20:00,"353,39",10/08/2024,user_1554
Mensal,2,30,8/12/22 1:04,Cancelada,10/19/22 9:51,10/19/22 9:51,"357,59",10/13/2022,user_23
Mensal,1,30,9/12/22 8:02,Cancelada,10/19/22 9:57,10/19/22 9:57,"77,89",10/13/2022,user_6
Mensal,1,30,9/12/22 10:47,Cancelada,9/15/22 17:03,9/15/22 17:03,"418,6",10/13/2022,user_2235
Mensal,1,30,9/12/22 11:04,Cancelada,9/19/22 16:51,9/19/22 16:51,"3863,18",10/13/2022,user_957
Mensal,8,30,2/13/22 0:28,Cancelada,9/13/22 9:57,9/13/22 9:56,"178,71",10/13/2022,user_3142
Mensal,9,30,2/7/22 14:40,Cancelada,11/19/22 10:29,11/19/22 10:29,"498,98",11/13/2022,user_2547
Mensal,2,30,6/30/22 18:38,Cancelada,9/6/22 9:41,9/6/22 9:41,"325,2",8/31/2022,user_3513
Anual,1,365,8/31/22 17:45,Cancelada,9/4/22 18:34,9/4/22 18:34,"172,68",31/08/2024,user_3464
Mensal,5,30,5/29/22 12:15,Cancelada,11/6/22 10:14,11/6/22 10:14,"62,74",10/31/2022,user_1342
Mensal,4,30,6/29/22 10:29,Cancelada,11/1/22 17:49,11/1/22 17:49,"287,5",10/31/2022,user_2471
Mensal,4,30,6/29/22 14:55,Cancelada,10/31/22 10:36,10/31/22 10:36,"143,16",10/31/2022,user_1023
Mensal,2,30,8/30/22 7:23,Cancelada,11/6/22 9:34,11/6/22 9:34,"201,45",10/31/2022,user_3279
Mensal,1,30,9/30/22 21:26,Cancelada,11/6/22 10:13,11/6/22 10:13,"387,03",10/31/2022,user_513
Mensal,0,30,7/25/22 15:49,Trial cancelado,7/31/22 19:08,7/31/22 19:08,"130,98",9/1/2022,user_3
Mensal,0,30,8/24/22 13:24,Trial cancelado,8/31/22 19:09,8/31/22 19:09,"471,42",10/1/2022,user_2245
Mensal,0,30,8/24/22 16:38,Trial cancelado,8/30/22 19:01,8/30/22 19:01,"284,08",10/1/2022,user_732
Mensal,0,30,10/24/22 15:34,Trial cancelado,10/31/22 14:12,10/31/22 14:12,"369,2",12/1/2022,user_1650
Mensal,0,30,11/13/22 13:32,Trial cancelado,11/28/22 11:20,11/28/22 11:20,"246,03",02/01/2024,user_105
Mensal,0,30,4/25/22 11:31,Trial cancelado,4/28/22 10:45,4/28/22 10:45,"394,23",6/2/2022,user_1635
Mensal,6,30,4/28/22 16:03,Upgrade,11/6/22 10:08,11/6/22 10:08,"228,53",10/31/2022,user_717